product_id,store_id,product_name,created_at,action_type,module,action_priority_score,pain_points_triggered,recommended_value,reason_json,rationale,projected_impact,acted_on,outcome_json
202,1,Pepsi 600ml,2026-04-08T00:31:18.360135,LOGISTICS,M5_LOGISTICS,0.54,"[""NEAR_EXPIRY"", ""STAGNANT""]","{""markdown_pct"": 10.0, ""suggested_price"": 37.8, ""original_price"": 42.0, ""min_price"": 28.56, ""units_to_clear"": 500}","{""trigger"": {""pain_points"": [""NEAR_EXPIRY"", ""STAGNANT""], ""composite_risk_score"": 0.9, ""action_priority_score"": 0.54, ""triggers"": [{""type"": ""NEAR_EXPIRY"", ""value"": 9999, ""desc"": ""9999 days to expiry""}, {""type"": ""STAGNANT"", ""value"": 0.7, ""desc"": ""velocity ratio 0.70 < 0.7""}, {""type"": ""NEWS_URGENCY"", ""value"": 0.75, ""desc"": ""news urgency 0.75 (NEUTRAL)""}]}, ""evidence"": {""current_stock"": 500, ""reorder_level"": 50, ""days_to_expiry"": 9999, ""sales_velocity_ratio"": 0.7, ""return_rate_30d"": 0.0, ""urgency_score"": 0.75, ""news_sentiment"": ""NEUTRAL"", ""tft_forecast_7d"": 60.0, ""top_shap_features"": []}, ""reasoning"": {""action_chosen"": ""MARKDOWN"", ""scores"": {""TRANSFER"": 0.0, ""MARKDOWN"": 0.2667, ""WAREHOUSE_RETURN"": 0.2}, ""why_not_transfer"": ""single store \u2014 no transfer targets available"", ""expiry_factor"": ""1.0 (>= 14 days \u2014 normal)""}, ""shap_values"": []}",Recommended to MARKDOWN. Expected revenue recovery: Rs18900. Days to clear: 54. — expected to recover Rs18900 in 54. days.,"{""projected_revenue"": 18900.0, ""revenue_if_no_action"": 0.0, ""revenue_recovery"": 18900.0, ""days_to_clear"": 54, ""confidence"": ""MEDIUM""}",False,
202,1,Pepsi 600ml,2026-04-08T00:31:18.362557,COMBO,M6_COMBO,0.54,"[""NEAR_EXPIRY"", ""STAGNANT""]",{},"{""trigger"": {""pain_points"": [""NEAR_EXPIRY"", ""STAGNANT""], ""composite_risk_score"": 0.9, ""action_priority_score"": 0.54, ""triggers"": [{""type"": ""NEAR_EXPIRY"", ""value"": 9999, ""desc"": ""9999 days to expiry""}, {""type"": ""STAGNANT"", ""value"": 0.7, ""desc"": ""velocity ratio 0.70 < 0.7""}, {""type"": ""NEWS_URGENCY"", ""value"": 0.75, ""desc"": ""news urgency 0.75 (NEUTRAL)""}]}, ""evidence"": {""current_stock"": 500, ""reorder_level"": 50, ""days_to_expiry"": 9999, ""sales_velocity_ratio"": 0.7, ""return_rate_30d"": 0.0, ""urgency_score"": 0.75, ""news_sentiment"": ""NEUTRAL"", ""tft_forecast_7d"": 60.0, ""top_shap_features"": []}, ""reasoning"": {""strategy"": ""inventory_clearance"", ""confidence_level"": ""LOW"", ""support_score"": 0.0, ""fp_growth_note"": ""LOW confidence = experimental bundle""}, ""shap_values"": []}",Recommended to Bundle offer. Confidence: LOW. Expected revenue: Rs15750. — expected revenue recovery Rs15750.,"{""combo_price"": 31.5, ""original_price"": 42.0, ""projected_revenue"": 15750.0, ""days_to_clear"": 49, ""confidence"": ""LOW""}",False,
202,1,Pepsi 600ml,2026-04-08T01:05:21.207799,LOGISTICS,M5_LOGISTICS,0.54,"[""NEAR_EXPIRY"", ""STAGNANT""]","{""markdown_pct"": 10.0, ""suggested_price"": 37.8, ""original_price"": 42.0, ""min_price"": 28.56, ""units_to_clear"": 500}","{""trigger"": {""pain_points"": [""NEAR_EXPIRY"", ""STAGNANT""], ""composite_risk_score"": 0.9, ""action_priority_score"": 0.54, ""triggers"": [{""type"": ""NEAR_EXPIRY"", ""value"": 9999, ""desc"": ""9999 days to expiry""}, {""type"": ""STAGNANT"", ""value"": 0.7, ""desc"": ""velocity ratio 0.70 < 0.7""}, {""type"": ""NEWS_URGENCY"", ""value"": 0.75, ""desc"": ""news urgency 0.75 (NEUTRAL)""}]}, ""evidence"": {""current_stock"": 500, ""reorder_level"": 50, ""days_to_expiry"": 9999, ""sales_velocity_ratio"": 0.7, ""return_rate_30d"": 0.0, ""urgency_score"": 0.75, ""news_sentiment"": ""NEUTRAL"", ""tft_forecast_7d"": 60.0, ""top_shap_features"": []}, ""reasoning"": {""action_chosen"": ""MARKDOWN"", ""scores"": {""TRANSFER"": 0.0, ""MARKDOWN"": 0.2667, ""WAREHOUSE_RETURN"": 0.2}, ""why_not_transfer"": ""single store \u2014 no transfer targets available"", ""expiry_factor"": ""1.0 (>= 14 days \u2014 normal)""}, ""shap_values"": []}","""Mr. manager, due to 500 stagnant units of a near-expiry stock, we recommend a markdown to recover Rs18900 in 54 days.""","{""projected_revenue"": 18900.0, ""revenue_if_no_action"": 0.0, ""revenue_recovery"": 18900.0, ""days_to_clear"": 54, ""confidence"": ""MEDIUM""}",False,
202,1,Pepsi 600ml,2026-04-08T01:05:21.761404,COMBO,M6_COMBO,0.54,"[""NEAR_EXPIRY"", ""STAGNANT""]",{},"{""trigger"": {""pain_points"": [""NEAR_EXPIRY"", ""STAGNANT""], ""composite_risk_score"": 0.9, ""action_priority_score"": 0.54, ""triggers"": [{""type"": ""NEAR_EXPIRY"", ""value"": 9999, ""desc"": ""9999 days to expiry""}, {""type"": ""STAGNANT"", ""value"": 0.7, ""desc"": ""velocity ratio 0.70 < 0.7""}, {""type"": ""NEWS_URGENCY"", ""value"": 0.75, ""desc"": ""news urgency 0.75 (NEUTRAL)""}]}, ""evidence"": {""current_stock"": 500, ""reorder_level"": 50, ""days_to_expiry"": 9999, ""sales_velocity_ratio"": 0.7, ""return_rate_30d"": 0.0, ""urgency_score"": 0.75, ""news_sentiment"": ""NEUTRAL"", ""tft_forecast_7d"": 60.0, ""top_shap_features"": []}, ""reasoning"": {""strategy"": ""inventory_clearance"", ""confidence_level"": ""LOW"", ""support_score"": 0.0, ""fp_growth_note"": ""LOW confidence = experimental bundle""}, ""shap_values"": []}","""Offer a bundle deal on 250 non-perishable units with a 30% discount to clear stagnant stock and prevent near-expiry issues.""","{""combo_price"": 33.6, ""original_price"": 42.0, ""projected_revenue"": 16800.0, ""days_to_clear"": 50, ""confidence"": ""LOW""}",False,
202,1,Pepsi 600ml,2026-04-08T01:10:44.664740,LOGISTICS,M5_LOGISTICS,0.54,"[""NEAR_EXPIRY"", ""STAGNANT""]","{""markdown_pct"": 10.0, ""suggested_price"": 37.8, ""original_price"": 42.0, ""min_price"": 28.56, ""units_to_clear"": 500}","{""trigger"": {""pain_points"": [""NEAR_EXPIRY"", ""STAGNANT""], ""composite_risk_score"": 0.9, ""action_priority_score"": 0.54, ""triggers"": [{""type"": ""NEAR_EXPIRY"", ""value"": 9999, ""desc"": ""9999 days to expiry""}, {""type"": ""STAGNANT"", ""value"": 0.7, ""desc"": ""velocity ratio 0.70 < 0.7""}, {""type"": ""NEWS_URGENCY"", ""value"": 0.75, ""desc"": ""news urgency 0.75 (NEUTRAL)""}]}, ""evidence"": {""current_stock"": 500, ""reorder_level"": 50, ""days_to_expiry"": 9999, ""sales_velocity_ratio"": 0.7, ""return_rate_30d"": 0.0, ""urgency_score"": 0.75, ""news_sentiment"": ""NEUTRAL"", ""tft_forecast_7d"": 60.0, ""top_shap_features"": []}, ""reasoning"": {""action_chosen"": ""MARKDOWN"", ""scores"": {""TRANSFER"": 0.0, ""MARKDOWN"": 0.2667, ""WAREHOUSE_RETURN"": 0.2}, ""why_not_transfer"": ""single store \u2014 no transfer targets available"", ""expiry_factor"": ""1.0 (>= 14 days \u2014 normal)""}, ""shap_values"": []}","""Recommend marking down 500 units of stagnant stock with 54 days to clear, expected recovery Rs 18900.""","{""projected_revenue"": 18900.0, ""revenue_if_no_action"": 0.0, ""revenue_recovery"": 18900.0, ""days_to_clear"": 54, ""confidence"": ""MEDIUM""}",False,
202,1,Pepsi 600ml,2026-04-08T01:10:45.683774,COMBO,M6_COMBO,0.54,"[""NEAR_EXPIRY"", ""STAGNANT""]",{},"{""trigger"": {""pain_points"": [""NEAR_EXPIRY"", ""STAGNANT""], ""composite_risk_score"": 0.9, ""action_priority_score"": 0.54, ""triggers"": [{""type"": ""NEAR_EXPIRY"", ""value"": 9999, ""desc"": ""9999 days to expiry""}, {""type"": ""STAGNANT"", ""value"": 0.7, ""desc"": ""velocity ratio 0.70 < 0.7""}, {""type"": ""NEWS_URGENCY"", ""value"": 0.75, ""desc"": ""news urgency 0.75 (NEUTRAL)""}]}, ""evidence"": {""current_stock"": 500, ""reorder_level"": 50, ""days_to_expiry"": 9999, ""sales_velocity_ratio"": 0.7, ""return_rate_30d"": 0.0, ""urgency_score"": 0.75, ""news_sentiment"": ""NEUTRAL"", ""tft_forecast_7d"": 60.0, ""top_shap_features"": []}, ""reasoning"": {""strategy"": ""inventory_clearance"", ""confidence_level"": ""LOW"", ""support_score"": 0.0, ""fp_growth_note"": ""LOW confidence = experimental bundle""}, ""shap_values"": []}","""We recommend a bundle offer of 500 non-perishable items to clear near-expiry stock, at risk, with expected revenue of Rs 17,850.""","{""combo_price"": 35.7, ""original_price"": 42.0, ""projected_revenue"": 17850.0, ""days_to_clear"": 52, ""confidence"": ""LOW""}",False,
202,1,Pepsi 600ml,2026-04-08T01:18:29.375583,LOGISTICS,M5_LOGISTICS,0.54,"[""NEAR_EXPIRY"", ""STAGNANT""]","{""markdown_pct"": 10.0, ""suggested_price"": 37.8, ""original_price"": 42.0, ""min_price"": 28.56, ""units_to_clear"": 500}","{""trigger"": {""pain_points"": [""NEAR_EXPIRY"", ""STAGNANT""], ""composite_risk_score"": 0.9, ""action_priority_score"": 0.54, ""triggers"": [{""type"": ""NEAR_EXPIRY"", ""value"": 9999, ""desc"": ""9999 days to expiry""}, {""type"": ""STAGNANT"", ""value"": 0.7, ""desc"": ""velocity ratio 0.70 < 0.7""}, {""type"": ""NEWS_URGENCY"", ""value"": 0.75, ""desc"": ""news urgency 0.75 (NEUTRAL)""}]}, ""evidence"": {""current_stock"": 500, ""reorder_level"": 50, ""days_to_expiry"": 9999, ""sales_velocity_ratio"": 0.7, ""return_rate_30d"": 0.0, ""urgency_score"": 0.75, ""news_sentiment"": ""NEUTRAL"", ""tft_forecast_7d"": 60.0, ""top_shap_features"": []}, ""reasoning"": {""action_chosen"": ""MARKDOWN"", ""scores"": {""TRANSFER"": 0.0, ""MARKDOWN"": 0.2667, ""WAREHOUSE_RETURN"": 0.2}, ""why_not_transfer"": ""single store \u2014 no transfer targets available"", ""expiry_factor"": ""1.0 (>= 14 days \u2014 normal)""}, ""shap_values"": []}","We recommend offering a markdown on 500 units with a sales velocity of 0.7, to recover Rs18900 and clear within 54 days.","{""projected_revenue"": 18900.0, ""revenue_if_no_action"": 0.0, ""revenue_recovery"": 18900.0, ""days_to_clear"": 54, ""confidence"": ""MEDIUM""}",False,
202,1,Pepsi 600ml,2026-04-08T01:18:30.431692,COMBO,M6_COMBO,0.54,"[""NEAR_EXPIRY"", ""STAGNANT""]",{},"{""trigger"": {""pain_points"": [""NEAR_EXPIRY"", ""STAGNANT""], ""composite_risk_score"": 0.9, ""action_priority_score"": 0.54, ""triggers"": [{""type"": ""NEAR_EXPIRY"", ""value"": 9999, ""desc"": ""9999 days to expiry""}, {""type"": ""STAGNANT"", ""value"": 0.7, ""desc"": ""velocity ratio 0.70 < 0.7""}, {""type"": ""NEWS_URGENCY"", ""value"": 0.75, ""desc"": ""news urgency 0.75 (NEUTRAL)""}]}, ""evidence"": {""current_stock"": 500, ""reorder_level"": 50, ""days_to_expiry"": 9999, ""sales_velocity_ratio"": 0.7, ""return_rate_30d"": 0.0, ""urgency_score"": 0.75, ""news_sentiment"": ""NEUTRAL"", ""tft_forecast_7d"": 60.0, ""top_shap_features"": []}, ""reasoning"": {""strategy"": ""inventory_clearance"", ""confidence_level"": ""LOW"", ""support_score"": 0.0, ""fp_growth_note"": ""LOW confidence = experimental bundle""}, ""shap_values"": []}","I recommend creating a bundle offer for 500 non-perishable units with 70 days to expiry, expecting Rs 16,800 in revenue.","{""combo_price"": 33.6, ""original_price"": 42.0, ""projected_revenue"": 16800.0, ""days_to_clear"": 50, ""confidence"": ""LOW""}",False,
206,1,Winter Jacket,2026-04-08T01:29:20.391426,PRICING,M6_PRICING,0.4875,"[""SEASONAL_MISMATCH""]",{},"{""trigger"": {""pain_points"": [""SEASONAL_MISMATCH""], ""composite_risk_score"": 0.75, ""action_priority_score"": 0.4875, ""triggers"": [{""type"": ""SEASONAL_MISMATCH"", ""value"": null, ""desc"": ""seasonal demand mismatch detected""}, {""type"": ""NEWS_URGENCY"", ""value"": 0.75, ""desc"": ""news urgency 0.75 (NEUTRAL)""}]}, ""evidence"": {""current_stock"": 200, ""reorder_level"": 60, ""days_to_expiry"": 9999, ""sales_velocity_ratio"": 0.9, ""return_rate_30d"": 0.0, ""urgency_score"": 0.75, ""news_sentiment"": ""NEUTRAL"", ""tft_forecast_7d"": 65.0, ""top_shap_features"": []}, ""reasoning"": {""path_chosen"": ""LLM"", ""path_reason"": ""urgency > 0.5 \u2192 LLM path"", ""price_direction"": ""DECREASE"", ""price_change_pct"": -10.0, ""fairness_check"": {""pms"": -0.4, ""clipped"": false}}, ""shap_values"": []}","""Reduce the price of the item from Rs900 to Rs810, a 10% decrease to boost sales and match seasonal demand.""",{},False,
206,1,Winter Jacket,2026-04-08T01:29:20.833953,LOGISTICS,M5_LOGISTICS,0.4875,"[""SEASONAL_MISMATCH""]","{""quantity"": 0, ""supplier"": ""nearest_supplier""}","{""trigger"": {""pain_points"": [""SEASONAL_MISMATCH""], ""composite_risk_score"": 0.75, ""action_priority_score"": 0.4875, ""triggers"": [{""type"": ""SEASONAL_MISMATCH"", ""value"": null, ""desc"": ""seasonal demand mismatch detected""}, {""type"": ""NEWS_URGENCY"", ""value"": 0.75, ""desc"": ""news urgency 0.75 (NEUTRAL)""}]}, ""evidence"": {""current_stock"": 200, ""reorder_level"": 60, ""days_to_expiry"": 9999, ""sales_velocity_ratio"": 0.9, ""return_rate_30d"": 0.0, ""urgency_score"": 0.75, ""news_sentiment"": ""NEUTRAL"", ""tft_forecast_7d"": 65.0, ""top_shap_features"": []}, ""reasoning"": {""action_chosen"": ""RESTOCK"", ""restock_quantity"": 0, ""demand_forecast_7d"": 65.0, ""trigger_reasons"": [""seasonal demand spike incoming""]}, ""shap_values"": []}","""Restock 200 units of the mismatched seasonal product as sales velocity is 90% and inventory levels are 0 units.""","{""projected_revenue"": 0.0, ""projected_cost"": 0.0, ""projected_margin"": 0.0, ""units_to_restock"": 0}",False,
206,1,Winter Jacket,2026-04-08T01:34:04.169732,PRICING,M6_PRICING,0.4875,"[""SEASONAL_MISMATCH""]",{},"{""trigger"": {""pain_points"": [""SEASONAL_MISMATCH""], ""composite_risk_score"": 0.75, ""action_priority_score"": 0.4875, ""triggers"": [{""type"": ""SEASONAL_MISMATCH"", ""value"": null, ""desc"": ""seasonal demand mismatch detected""}, {""type"": ""NEWS_URGENCY"", ""value"": 0.75, ""desc"": ""news urgency 0.75 (NEUTRAL)""}]}, ""evidence"": {""current_stock"": 200, ""reorder_level"": 60, ""days_to_expiry"": 9999, ""sales_velocity_ratio"": 0.9, ""return_rate_30d"": 0.0, ""urgency_score"": 0.75, ""news_sentiment"": ""NEUTRAL"", ""tft_forecast_7d"": 65.0, ""top_shap_features"": []}, ""reasoning"": {""path_chosen"": ""LLM"", ""path_reason"": ""urgency > 0.5 \u2192 LLM path"", ""price_direction"": ""DECREASE"", ""price_change_pct"": -10.0, ""fairness_check"": {""pms"": -0.4, ""clipped"": false}}, ""shap_values"": []}","""Price the item 10% lower, from Rs900.0 to Rs810.0, to clear 200 units and avoid seasonal mismatch issues.""",{},False,
206,1,Winter Jacket,2026-04-08T01:34:04.805803,LOGISTICS,M5_LOGISTICS,0.4875,"[""SEASONAL_MISMATCH""]","{""quantity"": 0, ""supplier"": ""nearest_supplier""}","{""trigger"": {""pain_points"": [""SEASONAL_MISMATCH""], ""composite_risk_score"": 0.75, ""action_priority_score"": 0.4875, ""triggers"": [{""type"": ""SEASONAL_MISMATCH"", ""value"": null, ""desc"": ""seasonal demand mismatch detected""}, {""type"": ""NEWS_URGENCY"", ""value"": 0.75, ""desc"": ""news urgency 0.75 (NEUTRAL)""}]}, ""evidence"": {""current_stock"": 200, ""reorder_level"": 60, ""days_to_expiry"": 9999, ""sales_velocity_ratio"": 0.9, ""return_rate_30d"": 0.0, ""urgency_score"": 0.75, ""news_sentiment"": ""NEUTRAL"", ""tft_forecast_7d"": 65.0, ""top_shap_features"": []}, ""reasoning"": {""action_chosen"": ""RESTOCK"", ""restock_quantity"": 0, ""demand_forecast_7d"": 65.0, ""trigger_reasons"": [""seasonal demand spike incoming""]}, ""shap_values"": []}","We recommend restocking 100-150 units of the product, as current sales velocity indicates strong demand with only 200 units in stock.","{""projected_revenue"": 0.0, ""projected_cost"": 0.0, ""projected_margin"": 0.0, ""units_to_restock"": 0}",False,
206,1,Winter Jacket,2026-04-08T01:39:29.849672,PRICING,M6_PRICING,0.4875,"[""SEASONAL_MISMATCH""]",{},"{""trigger"": {""pain_points"": [""SEASONAL_MISMATCH""], ""composite_risk_score"": 0.75, ""action_priority_score"": 0.4875, ""triggers"": [{""type"": ""SEASONAL_MISMATCH"", ""value"": null, ""desc"": ""seasonal demand mismatch detected""}, {""type"": ""NEWS_URGENCY"", ""value"": 0.75, ""desc"": ""news urgency 0.75 (NEUTRAL)""}]}, ""evidence"": {""current_stock"": 200, ""reorder_level"": 60, ""days_to_expiry"": 9999, ""sales_velocity_ratio"": 0.9, ""return_rate_30d"": 0.0, ""urgency_score"": 0.75, ""news_sentiment"": ""NEUTRAL"", ""tft_forecast_7d"": 65.0, ""top_shap_features"": []}, ""reasoning"": {""path_chosen"": ""LLM"", ""path_reason"": ""urgency > 0.5 \u2192 LLM path"", ""price_direction"": ""DECREASE"", ""price_change_pct"": -6.67, ""fairness_check"": {""pms"": -0.3667, ""clipped"": false}}, ""shap_values"": []}","""Decrease the price of the non-perishable item by 6.7% to Rs840 to align with seasonal demand.""",{},False,
206,1,Winter Jacket,2026-04-08T01:39:30.811146,LOGISTICS,M5_LOGISTICS,0.4875,"[""SEASONAL_MISMATCH""]","{""quantity"": 0, ""supplier"": ""nearest_supplier""}","{""trigger"": {""pain_points"": [""SEASONAL_MISMATCH""], ""composite_risk_score"": 0.75, ""action_priority_score"": 0.4875, ""triggers"": [{""type"": ""SEASONAL_MISMATCH"", ""value"": null, ""desc"": ""seasonal demand mismatch detected""}, {""type"": ""NEWS_URGENCY"", ""value"": 0.75, ""desc"": ""news urgency 0.75 (NEUTRAL)""}]}, ""evidence"": {""current_stock"": 200, ""reorder_level"": 60, ""days_to_expiry"": 9999, ""sales_velocity_ratio"": 0.9, ""return_rate_30d"": 0.0, ""urgency_score"": 0.75, ""news_sentiment"": ""NEUTRAL"", ""tft_forecast_7d"": 65.0, ""top_shap_features"": []}, ""reasoning"": {""action_chosen"": ""RESTOCK"", ""restock_quantity"": 0, ""demand_forecast_7d"": 65.0, ""trigger_reasons"": [""seasonal demand spike incoming""]}, ""shap_values"": []}","""Restock 50 units of slow-moving winter stock to address the seasonal mismatch with only 200 units in stock currently.""","{""projected_revenue"": 0.0, ""projected_cost"": 0.0, ""projected_margin"": 0.0, ""units_to_restock"": 0}",False,
206,1,Winter Jacket,2026-04-08T01:41:20.030895,PRICING,M6_PRICING,0.4875,"[""SEASONAL_MISMATCH""]",{},"{""trigger"": {""pain_points"": [""SEASONAL_MISMATCH""], ""composite_risk_score"": 0.75, ""action_priority_score"": 0.4875, ""triggers"": [{""type"": ""SEASONAL_MISMATCH"", ""value"": null, ""desc"": ""seasonal demand mismatch detected""}, {""type"": ""NEWS_URGENCY"", ""value"": 0.75, ""desc"": ""news urgency 0.75 (NEUTRAL)""}]}, ""evidence"": {""current_stock"": 200, ""reorder_level"": 60, ""days_to_expiry"": 9999, ""sales_velocity_ratio"": 0.9, ""return_rate_30d"": 0.0, ""urgency_score"": 0.75, ""news_sentiment"": ""NEUTRAL"", ""tft_forecast_7d"": 65.0, ""top_shap_features"": [{""feature"": ""current_price"", ""shap_value"": -132.6627, ""direction"": ""-"", ""raw_value"": 0.0}, {""feature"": ""rolling_sales_30d"", ""shap_value"": -2.4737, ""direction"": ""-"", ""raw_value"": 278.5714}, {""feature"": ""rolling_sales_7d"", ""shap_value"": -0.6393, ""direction"": ""-"", ""raw_value"": 65.0}]}, ""reasoning"": {""path_chosen"": ""LLM"", ""path_reason"": ""urgency > 0.5 \u2192 LLM path"", ""price_direction"": ""DECREASE"", ""price_change_pct"": -10.0, ""fairness_check"": {""pms"": -0.4, ""clipped"": false}}, ""shap_values"": [{""feature"": ""current_price"", ""shap_value"": -132.6627, ""direction"": ""-"", ""raw_value"": 0.0}, {""feature"": ""rolling_sales_30d"", ""shap_value"": -2.4737, ""direction"": ""-"", ""raw_value"": 278.5714}, {""feature"": ""rolling_sales_7d"", ""shap_value"": -0.6393, ""direction"": ""-"", ""raw_value"": 65.0}]}","""Decrease the product's price by 10% to Rs810 to boost sales, considering the seasonal mismatch and stagnant sales velocity of 0.90.""",{},False,
206,1,Winter Jacket,2026-04-08T01:41:20.574454,LOGISTICS,M5_LOGISTICS,0.4875,"[""SEASONAL_MISMATCH""]","{""quantity"": 0, ""supplier"": ""nearest_supplier""}","{""trigger"": {""pain_points"": [""SEASONAL_MISMATCH""], ""composite_risk_score"": 0.75, ""action_priority_score"": 0.4875, ""triggers"": [{""type"": ""SEASONAL_MISMATCH"", ""value"": null, ""desc"": ""seasonal demand mismatch detected""}, {""type"": ""NEWS_URGENCY"", ""value"": 0.75, ""desc"": ""news urgency 0.75 (NEUTRAL)""}]}, ""evidence"": {""current_stock"": 200, ""reorder_level"": 60, ""days_to_expiry"": 9999, ""sales_velocity_ratio"": 0.9, ""return_rate_30d"": 0.0, ""urgency_score"": 0.75, ""news_sentiment"": ""NEUTRAL"", ""tft_forecast_7d"": 65.0, ""top_shap_features"": []}, ""reasoning"": {""action_chosen"": ""RESTOCK"", ""restock_quantity"": 0, ""demand_forecast_7d"": 65.0, ""trigger_reasons"": [""seasonal demand spike incoming""]}, ""shap_values"": []}","""Restock 200 units of the current item immediately to avoid seasonal mismatch impact, with no expected revenue recovery or clearance deadline.""","{""projected_revenue"": 0.0, ""projected_cost"": 0.0, ""projected_margin"": 0.0, ""units_to_restock"": 0}",False,
205,1,Old Stock Biscuits,2026-04-09T15:35:20.628640,PRICING,M6_PRICING,0.1625,"[""STAGNANT""]",{},"{""trigger"": {""pain_points"": [""STAGNANT""], ""composite_risk_score"": 0.25, ""action_priority_score"": 0.1625, ""triggers"": [{""type"": ""STAGNANT"", ""value"": 0.2, ""desc"": ""velocity ratio 0.20 < 0.7""}]}, ""evidence"": {""current_stock"": 300, ""reorder_level"": 50, ""days_to_expiry"": 9999, ""sales_velocity_ratio"": 0.2, ""return_rate_30d"": 0.0, ""urgency_score"": 0.25, ""news_sentiment"": ""NEUTRAL"", ""tft_forecast_7d"": 5.0, ""top_shap_features"": [{""feature"": ""current_price"", ""shap_value"": -118.8279, ""direction"": ""-"", ""raw_value"": 0.0}, {""feature"": ""rolling_sales_30d"", ""shap_value"": 23.4321, ""direction"": ""+"", ""raw_value"": 21.4286}, {""feature"": ""expiry_risk_score"", ""shap_value"": 13.1347, ""direction"": ""+"", ""raw_value"": 0.0}]}, ""reasoning"": {""path_chosen"": ""XGBOOST"", ""path_reason"": ""urgency <= 0.5 \u2192 XGBoost normal path"", ""price_direction"": ""INCREASE"", ""price_change_pct"": 30.0, ""fairness_check"": {""pms"": 0.2, ""clipped"": true}}, ""shap_values"": [{""feature"": ""current_price"", ""shap_value"": -118.8279, ""direction"": ""-"", ""raw_value"": 0.0}, {""feature"": ""rolling_sales_30d"", ""shap_value"": 23.4321, ""direction"": ""+"", ""raw_value"": 21.4286}, {""feature"": ""expiry_risk_score"", ""shap_value"": 13.1347, ""direction"": ""+"", ""raw_value"": 0.0}]}","""Recommended price increase by 30% to Rs 19.5 for a 30-day boost in sales.""",{},False,
206,1,Winter Jacket,2026-04-09T15:37:24.724407,PRICING,M6_PRICING,0.4425,"[""SEASONAL_MISMATCH""]",{},"{""trigger"": {""pain_points"": [""SEASONAL_MISMATCH""], ""composite_risk_score"": 0.75, ""action_priority_score"": 0.4425, ""triggers"": [{""type"": ""SEASONAL_MISMATCH"", ""value"": null, ""desc"": ""seasonal demand mismatch detected""}, {""type"": ""NEWS_URGENCY"", ""value"": 0.6, ""desc"": ""news urgency 0.60 (NEUTRAL)""}]}, ""evidence"": {""current_stock"": 200, ""reorder_level"": 60, ""days_to_expiry"": 9999, ""sales_velocity_ratio"": 0.9, ""return_rate_30d"": 0.0, ""urgency_score"": 0.6, ""news_sentiment"": ""NEUTRAL"", ""tft_forecast_7d"": 65.0, ""top_shap_features"": [{""feature"": ""current_price"", ""shap_value"": -123.3752, ""direction"": ""-"", ""raw_value"": 0.0}, {""feature"": ""rolling_sales_30d"", ""shap_value"": -9.5863, ""direction"": ""-"", ""raw_value"": 278.5714}, {""feature"": ""expiry_risk_score"", ""shap_value"": 1.6602, ""direction"": ""+"", ""raw_value"": 0.0}]}, ""reasoning"": {""path_chosen"": ""LLM"", ""path_reason"": ""urgency > 0.5 \u2192 LLM path"", ""price_direction"": ""DECREASE"", ""price_change_pct"": -10.0, ""fairness_check"": {""pms"": -0.4, ""clipped"": false}}, ""shap_values"": [{""feature"": ""current_price"", ""shap_value"": -123.3752, ""direction"": ""-"", ""raw_value"": 0.0}, {""feature"": ""rolling_sales_30d"", ""shap_value"": -9.5863, ""direction"": ""-"", ""raw_value"": 278.5714}, {""feature"": ""expiry_risk_score"", ""shap_value"": 1.6602, ""direction"": ""+"", ""raw_value"": 0.0}]}",We recommend a 10% price decrease to Rs. 810.0 to increase sales and reduce inventory risk at D-Mart.,{},False,
206,1,Winter Jacket,2026-04-09T15:37:25.833350,LOGISTICS,M5_LOGISTICS,0.4425,"[""SEASONAL_MISMATCH""]","{""quantity"": 0, ""supplier"": ""nearest_supplier""}","{""trigger"": {""pain_points"": [""SEASONAL_MISMATCH""], ""composite_risk_score"": 0.75, ""action_priority_score"": 0.4425, ""triggers"": [{""type"": ""SEASONAL_MISMATCH"", ""value"": null, ""desc"": ""seasonal demand mismatch detected""}, {""type"": ""NEWS_URGENCY"", ""value"": 0.6, ""desc"": ""news urgency 0.60 (NEUTRAL)""}]}, ""evidence"": {""current_stock"": 200, ""reorder_level"": 60, ""days_to_expiry"": 9999, ""sales_velocity_ratio"": 0.9, ""return_rate_30d"": 0.0, ""urgency_score"": 0.6, ""news_sentiment"": ""NEUTRAL"", ""tft_forecast_7d"": 65.0, ""top_shap_features"": []}, ""reasoning"": {""action_chosen"": ""RESTOCK"", ""restock_quantity"": 0, ""demand_forecast_7d"": 65.0, ""trigger_reasons"": [""seasonal demand spike incoming""]}, ""shap_values"": []}","""Manager, we recommend restocking 200 units of this product as sales have slowed (velocity: 0.90) due to a seasonal mismatch.""","{""projected_revenue"": 0.0, ""projected_cost"": 0.0, ""projected_margin"": 0.0, ""units_to_restock"": 0}",False,
206,1,Winter Jacket,2026-04-09T16:00:57.105972,PRICING,M6_PRICING,0.4425,"[""SEASONAL_MISMATCH""]",{},"{""trigger"": {""pain_points"": [""SEASONAL_MISMATCH""], ""composite_risk_score"": 0.75, ""action_priority_score"": 0.4425, ""triggers"": [{""type"": ""SEASONAL_MISMATCH"", ""value"": null, ""desc"": ""seasonal demand mismatch detected""}, {""type"": ""NEWS_URGENCY"", ""value"": 0.6, ""desc"": ""news urgency 0.60 (NEUTRAL)""}]}, ""evidence"": {""current_stock"": 200, ""reorder_level"": 60, ""days_to_expiry"": 9999, ""sales_velocity_ratio"": 0.9, ""return_rate_30d"": 0.0, ""urgency_score"": 0.6, ""news_sentiment"": ""NEUTRAL"", ""tft_forecast_7d"": 65.0, ""top_shap_features"": []}, ""reasoning"": {""path_chosen"": ""LLM"", ""path_reason"": ""urgency > 0.5 \u2192 LLM path"", ""price_direction"": ""DECREASE"", ""price_change_pct"": -5.0, ""fairness_check"": {""pms"": -0.35, ""clipped"": false}}, ""shap_values"": []}",We suggest decreasing the price of the item by 5% to Rs855.0 to avoid seasonal mismatch and improve sales velocity.,{},False,
206,1,Winter Jacket,2026-04-09T16:00:57.805197,LOGISTICS,M5_LOGISTICS,0.4425,"[""SEASONAL_MISMATCH""]","{""quantity"": 0, ""supplier"": ""nearest_supplier""}","{""trigger"": {""pain_points"": [""SEASONAL_MISMATCH""], ""composite_risk_score"": 0.75, ""action_priority_score"": 0.4425, ""triggers"": [{""type"": ""SEASONAL_MISMATCH"", ""value"": null, ""desc"": ""seasonal demand mismatch detected""}, {""type"": ""NEWS_URGENCY"", ""value"": 0.6, ""desc"": ""news urgency 0.60 (NEUTRAL)""}]}, ""evidence"": {""current_stock"": 200, ""reorder_level"": 60, ""days_to_expiry"": 9999, ""sales_velocity_ratio"": 0.9, ""return_rate_30d"": 0.0, ""urgency_score"": 0.6, ""news_sentiment"": ""NEUTRAL"", ""tft_forecast_7d"": 65.0, ""top_shap_features"": []}, ""reasoning"": {""action_chosen"": ""RESTOCK"", ""restock_quantity"": 0, ""demand_forecast_7d"": 65.0, ""trigger_reasons"": [""seasonal demand spike incoming""]}, ""shap_values"": []}","I recommend restocking 200 units of the current item due to a seasonal mismatch, with sales velocity at 0.90 and existing stock level.","{""projected_revenue"": 0.0, ""projected_cost"": 0.0, ""projected_margin"": 0.0, ""units_to_restock"": 0}",False,
205,1,Old Stock Biscuits,2026-04-09T16:04:51.670462,UNKNOWN,MONITOR,0.2675,"[""STAGNANT""]","{""reason"": ""urgency between 0.3-0.6, no pain points \u2014 watch only""}","{""trigger"": {""pain_points"": [""STAGNANT""], ""composite_risk_score"": 0.25, ""action_priority_score"": 0.2675, ""triggers"": [{""type"": ""STAGNANT"", ""value"": 0.2, ""desc"": ""velocity ratio 0.20 < 0.7""}, {""type"": ""NEWS_URGENCY"", ""value"": 0.6, ""desc"": ""news urgency 0.60 (NEUTRAL)""}]}, ""evidence"": {""current_stock"": 300, ""reorder_level"": 50, ""days_to_expiry"": 9999, ""sales_velocity_ratio"": 0.2, ""return_rate_30d"": 0.0, ""urgency_score"": 0.6, ""news_sentiment"": ""NEUTRAL"", ""tft_forecast_7d"": 5.0, ""top_shap_features"": []}, ""reasoning"": {}, ""shap_values"": []}","We recommend reordering 200 units of the item, as you have fewer than 3 months' worth of stock due to stagnant sales of 0.20.",,False,
205,1,Old Stock Biscuits,2026-04-09T16:08:37.840048,PRICING,M6_PRICING,0.1625,"[""STAGNANT""]",{},"{""trigger"": {""pain_points"": [""STAGNANT""], ""composite_risk_score"": 0.25, ""action_priority_score"": 0.1625, ""triggers"": [{""type"": ""STAGNANT"", ""value"": 0.2, ""desc"": ""velocity ratio 0.20 < 0.7""}]}, ""evidence"": {""current_stock"": 300, ""reorder_level"": 50, ""days_to_expiry"": 9999, ""sales_velocity_ratio"": 0.2, ""return_rate_30d"": 0.0, ""urgency_score"": 0.25, ""news_sentiment"": ""NEUTRAL"", ""tft_forecast_7d"": 5.0, ""top_shap_features"": [{""feature"": ""current_price"", ""shap_value"": -111.5113, ""direction"": ""-"", ""raw_value"": 15.0}, {""feature"": ""rolling_sales_30d"", ""shap_value"": 22.3337, ""direction"": ""+"", ""raw_value"": 21.4286}, {""feature"": ""expiry_risk_score"", ""shap_value"": 13.1072, ""direction"": ""+"", ""raw_value"": 0.0}]}, ""reasoning"": {""path_chosen"": ""XGBOOST"", ""path_reason"": ""urgency <= 0.5 \u2192 XGBoost normal path"", ""price_direction"": ""INCREASE"", ""price_change_pct"": 30.0, ""fairness_check"": {""pms"": 0.2, ""clipped"": true}}, ""shap_values"": [{""feature"": ""current_price"", ""shap_value"": -111.5113, ""direction"": ""-"", ""raw_value"": 15.0}, {""feature"": ""rolling_sales_30d"", ""shap_value"": 22.3337, ""direction"": ""+"", ""raw_value"": 21.4286}, {""feature"": ""expiry_risk_score"", ""shap_value"": 13.1072, ""direction"": ""+"", ""raw_value"": 0.0}]}","""Recommend increasing the current price of 15 units to Rs.19.5 to boost sales and reduce inventory due to stagnation.""",{},False,
201,1,Nescafe Sunrise Sachet,2026-04-12T18:49:11.438678,LOGISTICS,M5_LOGISTICS,0.3725,"[""LOW_STOCK""]","{""quantity"": 1230, ""supplier"": ""nearest_supplier""}","{""trigger"": {""pain_points"": [""LOW_STOCK""], ""composite_risk_score"": 0.85, ""action_priority_score"": 0.3725, ""triggers"": [{""type"": ""LOW_STOCK"", ""value"": 5, ""desc"": ""stock 5 at/below reorder level 100""}]}, ""evidence"": {""current_stock"": 5, ""reorder_level"": 100, ""days_to_expiry"": 9999, ""sales_velocity_ratio"": 1.8, ""return_rate_30d"": 0.0, ""urgency_score"": 0.25, ""news_sentiment"": ""NEUTRAL"", ""tft_forecast_7d"": 950.0, ""top_shap_features"": []}, ""reasoning"": {""action_chosen"": ""RESTOCK"", ""restock_quantity"": 1230, ""demand_forecast_7d"": 950.0, ""trigger_reasons"": [""LOW_STOCK pain point detected"", ""sales_velocity_ratio=1.80 > 1.2 (accelerating)""]}, ""shap_values"": []}","""Based on 5 units of product, increasing sales velocity of 1.80 and LOW STOCK, I recommend immediately RESTOCKing 5 more units to replenish stock.""","{""projected_revenue"": 2460.0, ""projected_cost"": 1230.0, ""projected_margin"": 1230.0, ""units_to_restock"": 1230}",False,
202,1,Pepsi 600ml,2026-04-12T18:50:10.731053,LOGISTICS,M5_LOGISTICS,0.39,"[""NEAR_EXPIRY"", ""STAGNANT""]","{""markdown_pct"": 10.0, ""suggested_price"": 37.8, ""original_price"": 42.0, ""min_price"": 28.56, ""units_to_clear"": 500}","{""trigger"": {""pain_points"": [""NEAR_EXPIRY"", ""STAGNANT""], ""composite_risk_score"": 0.9, ""action_priority_score"": 0.39, ""triggers"": [{""type"": ""NEAR_EXPIRY"", ""value"": 9999, ""desc"": ""9999 days to expiry""}, {""type"": ""STAGNANT"", ""value"": 0.7, ""desc"": ""velocity ratio 0.70 < 0.7""}]}, ""evidence"": {""current_stock"": 500, ""reorder_level"": 50, ""days_to_expiry"": 9999, ""sales_velocity_ratio"": 0.7, ""return_rate_30d"": 0.0, ""urgency_score"": 0.25, ""news_sentiment"": ""NEUTRAL"", ""tft_forecast_7d"": 60.0, ""top_shap_features"": []}, ""reasoning"": {""action_chosen"": ""MARKDOWN"", ""scores"": {""TRANSFER"": 0.0, ""MARKDOWN"": 0.2667, ""WAREHOUSE_RETURN"": 0.2}, ""why_not_transfer"": ""single store \u2014 no transfer targets available"", ""expiry_factor"": ""1.0 (>= 14 days \u2014 normal)""}, ""shap_values"": []}","To avoid near-expired merchandise and stagnant sales, we recommend a Markdown of 500 units to recover Rs 18,900 and clear inventory in 54 days.","{""projected_revenue"": 18900.0, ""revenue_if_no_action"": 0.0, ""revenue_recovery"": 18900.0, ""days_to_clear"": 54, ""confidence"": ""MEDIUM""}",False,
202,1,Pepsi 600ml,2026-04-12T18:50:11.765147,PRICING,M6_PRICING,0.39,"[""NEAR_EXPIRY"", ""STAGNANT""]",{},"{""trigger"": {""pain_points"": [""NEAR_EXPIRY"", ""STAGNANT""], ""composite_risk_score"": 0.9, ""action_priority_score"": 0.39, ""triggers"": [{""type"": ""NEAR_EXPIRY"", ""value"": 9999, ""desc"": ""9999 days to expiry""}, {""type"": ""STAGNANT"", ""value"": 0.7, ""desc"": ""velocity ratio 0.70 < 0.7""}]}, ""evidence"": {""current_stock"": 500, ""reorder_level"": 50, ""days_to_expiry"": 9999, ""sales_velocity_ratio"": 0.7, ""return_rate_30d"": 0.0, ""urgency_score"": 0.25, ""news_sentiment"": ""NEUTRAL"", ""tft_forecast_7d"": 60.0, ""top_shap_features"": [{""feature"": ""current_price"", ""shap_value"": -88.1998, ""direction"": ""-"", ""raw_value"": 42.0}, {""feature"": ""rolling_sales_30d"", ""shap_value"": -7.9148, ""direction"": ""-"", ""raw_value"": 257.1429}, {""feature"": ""sales_velocity_ratio"", ""shap_value"": 7.6749, ""direction"": ""+"", ""raw_value"": 0.7}]}, ""reasoning"": {""path_chosen"": ""XGBOOST"", ""path_reason"": ""urgency <= 0.5 \u2192 XGBoost normal path"", ""price_direction"": ""STABLE"", ""price_change_pct"": 0.0, ""fairness_check"": {""pms"": -0.3, ""clipped"": false}}, ""shap_values"": [{""feature"": ""current_price"", ""shap_value"": -88.1998, ""direction"": ""-"", ""raw_value"": 42.0}, {""feature"": ""rolling_sales_30d"", ""shap_value"": -7.9148, ""direction"": ""-"", ""raw_value"": 257.1429}, {""feature"": ""sales_velocity_ratio"", ""shap_value"": 7.6749, ""direction"": ""+"", ""raw_value"": 0.7}]}","""We recommend pricing this product at Rs42.0, increasing stock availability by 0, with a 0.0% price change, to counter stagnation and expiry risks.""",{},False,
204,1,Milk 500ml,2026-04-12T18:50:55.191102,LOGISTICS,M5_LOGISTICS,0.2325,"[""LOW_STOCK""]","{""quantity"": 81, ""supplier"": ""nearest_supplier""}","{""trigger"": {""pain_points"": [""LOW_STOCK""], ""composite_risk_score"": 0.45, ""action_priority_score"": 0.2325, ""triggers"": [{""type"": ""LOW_STOCK"", ""value"": 10, ""desc"": ""stock 10 at/below reorder level 80""}]}, ""evidence"": {""current_stock"": 10, ""reorder_level"": 80, ""days_to_expiry"": 9999, ""sales_velocity_ratio"": 1.1, ""return_rate_30d"": 0.0, ""urgency_score"": 0.25, ""news_sentiment"": ""NEUTRAL"", ""tft_forecast_7d"": 70.0, ""top_shap_features"": []}, ""reasoning"": {""action_chosen"": ""RESTOCK"", ""restock_quantity"": 81, ""demand_forecast_7d"": 70.0, ""trigger_reasons"": [""LOW_STOCK pain point detected""]}, ""shap_values"": []}","We recommend restocking 10 more units of the item, as your current stock of 10 units indicates a LOW STOCK situation.","{""projected_revenue"": 2835.0, ""projected_cost"": 2025.0, ""projected_margin"": 810.0, ""units_to_restock"": 81}",False,
204,1,Milk 500ml,2026-04-12T18:55:24.954832,LOGISTICS,M5_LOGISTICS,0.2325,"[""LOW_STOCK""]","{""quantity"": 81, ""supplier"": ""nearest_supplier""}","{""trigger"": {""pain_points"": [""LOW_STOCK""], ""composite_risk_score"": 0.45, ""action_priority_score"": 0.2325, ""triggers"": [{""type"": ""LOW_STOCK"", ""value"": 10, ""desc"": ""stock 10 at/below reorder level 80""}]}, ""evidence"": {""current_stock"": 10, ""reorder_level"": 80, ""days_to_expiry"": 9999, ""sales_velocity_ratio"": 1.1, ""return_rate_30d"": 0.0, ""urgency_score"": 0.25, ""news_sentiment"": ""NEUTRAL"", ""tft_forecast_7d"": 70.0, ""top_shap_features"": []}, ""reasoning"": {""action_chosen"": ""RESTOCK"", ""restock_quantity"": 81, ""demand_forecast_7d"": 70.0, ""trigger_reasons"": [""LOW_STOCK pain point detected""]}, ""shap_values"": []}","""With 10 units of stock, a sales velocity of 1.10, and an upcoming low stock alert, we recommend restocking to maintain product availability.""","{""projected_revenue"": 2835.0, ""projected_cost"": 2025.0, ""projected_margin"": 810.0, ""units_to_restock"": 81}",False,
201,1,Nescafe Sunrise Sachet,2026-04-12T18:56:09.734547,LOGISTICS,M5_LOGISTICS,0.3725,"[""LOW_STOCK""]","{""quantity"": 1230, ""supplier"": ""nearest_supplier""}","{""trigger"": {""pain_points"": [""LOW_STOCK""], ""composite_risk_score"": 0.85, ""action_priority_score"": 0.3725, ""triggers"": [{""type"": ""LOW_STOCK"", ""value"": 5, ""desc"": ""stock 5 at/below reorder level 100""}]}, ""evidence"": {""current_stock"": 5, ""reorder_level"": 100, ""days_to_expiry"": 9999, ""sales_velocity_ratio"": 1.8, ""return_rate_30d"": 0.0, ""urgency_score"": 0.25, ""news_sentiment"": ""NEUTRAL"", ""tft_forecast_7d"": 950.0, ""top_shap_features"": []}, ""reasoning"": {""action_chosen"": ""RESTOCK"", ""restock_quantity"": 1230, ""demand_forecast_7d"": 950.0, ""trigger_reasons"": [""LOW_STOCK pain point detected"", ""sales_velocity_ratio=1.80 > 1.2 (accelerating)""]}, ""shap_values"": []}","""Restock the product immediately, as current stock is only 5 units and we have a high risk score of 0.85 due to LOW STOCK.""","{""projected_revenue"": 2460.0, ""projected_cost"": 1230.0, ""projected_margin"": 1230.0, ""units_to_restock"": 1230}",False,
201,1,Nescafe Sunrise Sachet,2026-04-12T18:59:41.358594,LOGISTICS,M5_LOGISTICS,0.3725,"[""LOW_STOCK""]","{""quantity"": 1230, ""supplier"": ""nearest_supplier""}","{""trigger"": {""pain_points"": [""LOW_STOCK""], ""composite_risk_score"": 0.85, ""action_priority_score"": 0.3725, ""triggers"": [{""type"": ""LOW_STOCK"", ""value"": 5, ""desc"": ""stock 5 at/below reorder level 100""}]}, ""evidence"": {""current_stock"": 5, ""reorder_level"": 100, ""days_to_expiry"": 9999, ""sales_velocity_ratio"": 1.8, ""return_rate_30d"": 0.0, ""urgency_score"": 0.25, ""news_sentiment"": ""NEUTRAL"", ""tft_forecast_7d"": 950.0, ""top_shap_features"": []}, ""reasoning"": {""action_chosen"": ""RESTOCK"", ""restock_quantity"": 1230, ""demand_forecast_7d"": 950.0, ""trigger_reasons"": [""LOW_STOCK pain point detected"", ""sales_velocity_ratio=1.80 > 1.2 (accelerating)""]}, ""shap_values"": []}","We recommend immediate restocking of the item as you have only 5 units in stock, which is insufficient given sales velocity of 1.80.","{""projected_revenue"": 2460.0, ""projected_cost"": 1230.0, ""projected_margin"": 1230.0, ""units_to_restock"": 1230}",False,
206,1,Winter Jacket,2026-04-12T19:00:02.787714,PRICING,M6_PRICING,0.3375,"[""SEASONAL_MISMATCH""]",{},"{""trigger"": {""pain_points"": [""SEASONAL_MISMATCH""], ""composite_risk_score"": 0.75, ""action_priority_score"": 0.3375, ""triggers"": [{""type"": ""SEASONAL_MISMATCH"", ""value"": null, ""desc"": ""seasonal demand mismatch detected""}]}, ""evidence"": {""current_stock"": 200, ""reorder_level"": 60, ""days_to_expiry"": 9999, ""sales_velocity_ratio"": 0.9, ""return_rate_30d"": 0.0, ""urgency_score"": 0.25, ""news_sentiment"": ""NEUTRAL"", ""tft_forecast_7d"": 65.0, ""top_shap_features"": [{""feature"": ""current_price"", ""shap_value"": 731.7375, ""direction"": ""+"", ""raw_value"": 900.0}, {""feature"": ""rolling_sales_30d"", ""shap_value"": -6.6413, ""direction"": ""-"", ""raw_value"": 278.5714}, {""feature"": ""category_encoded"", ""shap_value"": -4.2145, ""direction"": ""-"", ""raw_value"": 9.0}]}, ""reasoning"": {""path_chosen"": ""XGBOOST"", ""path_reason"": ""urgency <= 0.5 \u2192 XGBoost normal path"", ""price_direction"": ""DECREASE"", ""price_change_pct"": -4.5, ""fairness_check"": {""pms"": -0.345, ""clipped"": false}}, ""shap_values"": [{""feature"": ""current_price"", ""shap_value"": 731.7375, ""direction"": ""+"", ""raw_value"": 900.0}, {""feature"": ""rolling_sales_30d"", ""shap_value"": -6.6413, ""direction"": ""-"", ""raw_value"": 278.5714}, {""feature"": ""category_encoded"", ""shap_value"": -4.2145, ""direction"": ""-"", ""raw_value"": 9.0}]}","We recommend pricing decrease by 4.5% to Rs859.53, which may boost sales by increasing stock velocity.",{},False,
206,1,Winter Jacket,2026-04-12T19:00:03.764017,LOGISTICS,M5_LOGISTICS,0.3375,"[""SEASONAL_MISMATCH""]","{""quantity"": 0, ""supplier"": ""nearest_supplier""}","{""trigger"": {""pain_points"": [""SEASONAL_MISMATCH""], ""composite_risk_score"": 0.75, ""action_priority_score"": 0.3375, ""triggers"": [{""type"": ""SEASONAL_MISMATCH"", ""value"": null, ""desc"": ""seasonal demand mismatch detected""}]}, ""evidence"": {""current_stock"": 200, ""reorder_level"": 60, ""days_to_expiry"": 9999, ""sales_velocity_ratio"": 0.9, ""return_rate_30d"": 0.0, ""urgency_score"": 0.25, ""news_sentiment"": ""NEUTRAL"", ""tft_forecast_7d"": 65.0, ""top_shap_features"": []}, ""reasoning"": {""action_chosen"": ""RESTOCK"", ""restock_quantity"": 0, ""demand_forecast_7d"": 65.0, ""trigger_reasons"": [""seasonal demand spike incoming""]}, ""shap_values"": []}","We recommend restocking winter jackets immediately with 200 units, as sales are 10% below normal velocity and 200 units have been unsold for an extended period.","{""projected_revenue"": 0.0, ""projected_cost"": 0.0, ""projected_margin"": 0.0, ""units_to_restock"": 0}",False,
204,1,Milk 500ml,2026-04-12T19:00:10.016650,LOGISTICS,M5_LOGISTICS,0.2325,"[""LOW_STOCK""]","{""quantity"": 81, ""supplier"": ""nearest_supplier""}","{""trigger"": {""pain_points"": [""LOW_STOCK""], ""composite_risk_score"": 0.45, ""action_priority_score"": 0.2325, ""triggers"": [{""type"": ""LOW_STOCK"", ""value"": 10, ""desc"": ""stock 10 at/below reorder level 80""}]}, ""evidence"": {""current_stock"": 10, ""reorder_level"": 80, ""days_to_expiry"": 9999, ""sales_velocity_ratio"": 1.1, ""return_rate_30d"": 0.0, ""urgency_score"": 0.25, ""news_sentiment"": ""NEUTRAL"", ""tft_forecast_7d"": 70.0, ""top_shap_features"": []}, ""reasoning"": {""action_chosen"": ""RESTOCK"", ""restock_quantity"": 81, ""demand_forecast_7d"": 70.0, ""trigger_reasons"": [""LOW_STOCK pain point detected""]}, ""shap_values"": []}","We recommend restingocking 10 units of the item due to low stock, with a stagnant sales velocity at 1.10.","{""projected_revenue"": 2835.0, ""projected_cost"": 2025.0, ""projected_margin"": 810.0, ""units_to_restock"": 81}",False,
203,1,Bread Pack,2026-04-12T19:04:54.634098,LOGISTICS,M5_LOGISTICS,0.4042,"[""NEAR_EXPIRY""]","{""markdown_pct"": 30.0, ""suggested_price"": 21.0, ""original_price"": 30.0, ""min_price"": 20.4, ""units_to_clear"": 200}","{""trigger"": {""pain_points"": [""NEAR_EXPIRY""], ""composite_risk_score"": 0.75, ""action_priority_score"": 0.4042, ""triggers"": [{""type"": ""NEAR_EXPIRY"", ""value"": 2, ""desc"": ""2 days to expiry""}]}, ""evidence"": {""current_stock"": 200, ""reorder_level"": 40, ""days_to_expiry"": 2, ""sales_velocity_ratio"": 0.8, ""return_rate_30d"": 0.0, ""urgency_score"": 0.25, ""news_sentiment"": ""NEUTRAL"", ""tft_forecast_7d"": 35.0, ""top_shap_features"": []}, ""reasoning"": {""action_chosen"": ""MARKDOWN"", ""scores"": {""TRANSFER"": 0.0, ""MARKDOWN"": 0.5333, ""WAREHOUSE_RETURN"": 0.0133}, ""why_not_transfer"": ""single store \u2014 no transfer targets available"", ""expiry_factor"": ""2.0 (< 7 days \u2014 maximum urgency)""}, ""shap_values"": []}","""Mark down the near-expiry product (200 units) to sell in 32 days, recovering Rs 4200 in revenue.""","{""projected_revenue"": 4200.0, ""revenue_if_no_action"": 0.0, ""revenue_recovery"": 4200.0, ""days_to_clear"": 32, ""confidence"": ""MEDIUM""}",False,
203,1,Bread Pack,2026-04-12T19:04:55.520817,COMBO,M6_COMBO,0.4042,"[""NEAR_EXPIRY""]",{},"{""trigger"": {""pain_points"": [""NEAR_EXPIRY""], ""composite_risk_score"": 0.75, ""action_priority_score"": 0.4042, ""triggers"": [{""type"": ""NEAR_EXPIRY"", ""value"": 2, ""desc"": ""2 days to expiry""}]}, ""evidence"": {""current_stock"": 200, ""reorder_level"": 40, ""days_to_expiry"": 2, ""sales_velocity_ratio"": 0.8, ""return_rate_30d"": 0.0, ""urgency_score"": 0.25, ""news_sentiment"": ""NEUTRAL"", ""tft_forecast_7d"": 35.0, ""top_shap_features"": []}, ""reasoning"": {""strategy"": ""cross_sell"", ""confidence_level"": ""LOW"", ""support_score"": 0.0, ""fp_growth_note"": ""LOW confidence = experimental bundle""}, ""shap_values"": []}","""I recommend a bundle offer on 200 units of expired stock, expiring in 2 days, to generate an expected Rs5400 revenue.""","{""combo_price"": 27.0, ""original_price"": 30.0, ""projected_revenue"": 5400.0, ""days_to_clear"": 37, ""confidence"": ""LOW""}",False,
202,1,Pepsi 600ml,2026-04-12T19:05:57.044063,LOGISTICS,M5_LOGISTICS,0.39,"[""NEAR_EXPIRY"", ""STAGNANT""]","{""markdown_pct"": 10.0, ""suggested_price"": 37.8, ""original_price"": 42.0, ""min_price"": 28.56, ""units_to_clear"": 500}","{""trigger"": {""pain_points"": [""NEAR_EXPIRY"", ""STAGNANT""], ""composite_risk_score"": 0.9, ""action_priority_score"": 0.39, ""triggers"": [{""type"": ""NEAR_EXPIRY"", ""value"": 9999, ""desc"": ""9999 days to expiry""}, {""type"": ""STAGNANT"", ""value"": 0.7, ""desc"": ""velocity ratio 0.70 < 0.7""}]}, ""evidence"": {""current_stock"": 500, ""reorder_level"": 50, ""days_to_expiry"": 9999, ""sales_velocity_ratio"": 0.7, ""return_rate_30d"": 0.0, ""urgency_score"": 0.25, ""news_sentiment"": ""NEUTRAL"", ""tft_forecast_7d"": 60.0, ""top_shap_features"": []}, ""reasoning"": {""action_chosen"": ""MARKDOWN"", ""scores"": {""TRANSFER"": 0.0, ""MARKDOWN"": 0.2667, ""WAREHOUSE_RETURN"": 0.2}, ""why_not_transfer"": ""single store \u2014 no transfer targets available"", ""expiry_factor"": ""1.0 (>= 14 days \u2014 normal)""}, ""shap_values"": []}","""Mark down perishable items to prevent expiration, recover Rs 18,900 in revenue, and clear stock within 54 days.""","{""projected_revenue"": 18900.0, ""revenue_if_no_action"": 0.0, ""revenue_recovery"": 18900.0, ""days_to_clear"": 54, ""confidence"": ""MEDIUM""}",False,
202,1,Pepsi 600ml,2026-04-12T19:05:57.965786,PRICING,M6_PRICING,0.39,"[""NEAR_EXPIRY"", ""STAGNANT""]",{},"{""trigger"": {""pain_points"": [""NEAR_EXPIRY"", ""STAGNANT""], ""composite_risk_score"": 0.9, ""action_priority_score"": 0.39, ""triggers"": [{""type"": ""NEAR_EXPIRY"", ""value"": 9999, ""desc"": ""9999 days to expiry""}, {""type"": ""STAGNANT"", ""value"": 0.7, ""desc"": ""velocity ratio 0.70 < 0.7""}]}, ""evidence"": {""current_stock"": 500, ""reorder_level"": 50, ""days_to_expiry"": 9999, ""sales_velocity_ratio"": 0.7, ""return_rate_30d"": 0.0, ""urgency_score"": 0.25, ""news_sentiment"": ""NEUTRAL"", ""tft_forecast_7d"": 60.0, ""top_shap_features"": [{""feature"": ""current_price"", ""shap_value"": -88.1998, ""direction"": ""-"", ""raw_value"": 42.0}, {""feature"": ""rolling_sales_30d"", ""shap_value"": -7.9148, ""direction"": ""-"", ""raw_value"": 257.1429}, {""feature"": ""sales_velocity_ratio"", ""shap_value"": 7.6749, ""direction"": ""+"", ""raw_value"": 0.7}]}, ""reasoning"": {""path_chosen"": ""XGBOOST"", ""path_reason"": ""urgency <= 0.5 \u2192 XGBoost normal path"", ""price_direction"": ""STABLE"", ""price_change_pct"": 0.0, ""fairness_check"": {""pms"": -0.3, ""clipped"": false}}, ""shap_values"": [{""feature"": ""current_price"", ""shap_value"": -88.1998, ""direction"": ""-"", ""raw_value"": 42.0}, {""feature"": ""rolling_sales_30d"", ""shap_value"": -7.9148, ""direction"": ""-"", ""raw_value"": 257.1429}, {""feature"": ""sales_velocity_ratio"", ""shap_value"": 7.6749, ""direction"": ""+"", ""raw_value"": 0.7}]}","To minimize risk, price our current 500 units of stock at Rs42.0, as recommended by our AI model after assessing various factors.",{},False,
202,1,Pepsi 600ml,2026-04-12T19:13:11.283855,LOGISTICS,M5_LOGISTICS,0.39,"[""NEAR_EXPIRY"", ""STAGNANT""]","{""markdown_pct"": 10.0, ""suggested_price"": 37.8, ""original_price"": 42.0, ""min_price"": 28.56, ""units_to_clear"": 500}","{""trigger"": {""pain_points"": [""NEAR_EXPIRY"", ""STAGNANT""], ""composite_risk_score"": 0.9, ""action_priority_score"": 0.39, ""triggers"": [{""type"": ""NEAR_EXPIRY"", ""value"": 9999, ""desc"": ""9999 days to expiry""}, {""type"": ""STAGNANT"", ""value"": 0.7, ""desc"": ""velocity ratio 0.70 < 0.7""}]}, ""evidence"": {""current_stock"": 500, ""reorder_level"": 50, ""days_to_expiry"": 9999, ""sales_velocity_ratio"": 0.7, ""return_rate_30d"": 0.0, ""urgency_score"": 0.25, ""news_sentiment"": ""NEUTRAL"", ""tft_forecast_7d"": 60.0, ""top_shap_features"": []}, ""reasoning"": {""action_chosen"": ""MARKDOWN"", ""scores"": {""TRANSFER"": 0.0, ""MARKDOWN"": 0.2667, ""WAREHOUSE_RETURN"": 0.2}, ""why_not_transfer"": ""single store \u2014 no transfer targets available"", ""expiry_factor"": ""1.0 (>= 14 days \u2014 normal)""}, ""shap_values"": []}","We recommend a markdown of non-perishable items to clear 500 units, expected to recover Rs 18,900 in 54 days.","{""projected_revenue"": 18900.0, ""revenue_if_no_action"": 0.0, ""revenue_recovery"": 18900.0, ""days_to_clear"": 54, ""confidence"": ""MEDIUM""}",False,
202,1,Pepsi 600ml,2026-04-12T19:13:12.366192,PRICING,M6_PRICING,0.39,"[""NEAR_EXPIRY"", ""STAGNANT""]",{},"{""trigger"": {""pain_points"": [""NEAR_EXPIRY"", ""STAGNANT""], ""composite_risk_score"": 0.9, ""action_priority_score"": 0.39, ""triggers"": [{""type"": ""NEAR_EXPIRY"", ""value"": 9999, ""desc"": ""9999 days to expiry""}, {""type"": ""STAGNANT"", ""value"": 0.7, ""desc"": ""velocity ratio 0.70 < 0.7""}]}, ""evidence"": {""current_stock"": 500, ""reorder_level"": 50, ""days_to_expiry"": 9999, ""sales_velocity_ratio"": 0.7, ""return_rate_30d"": 0.0, ""urgency_score"": 0.25, ""news_sentiment"": ""NEUTRAL"", ""tft_forecast_7d"": 60.0, ""top_shap_features"": [{""feature"": ""current_price"", ""shap_value"": -88.1998, ""direction"": ""-"", ""raw_value"": 42.0}, {""feature"": ""rolling_sales_30d"", ""shap_value"": -7.9148, ""direction"": ""-"", ""raw_value"": 257.1429}, {""feature"": ""sales_velocity_ratio"", ""shap_value"": 7.6749, ""direction"": ""+"", ""raw_value"": 0.7}]}, ""reasoning"": {""path_chosen"": ""XGBOOST"", ""path_reason"": ""urgency <= 0.5 \u2192 XGBoost normal path"", ""price_direction"": ""STABLE"", ""price_change_pct"": 0.0, ""fairness_check"": {""pms"": -0.3, ""clipped"": false}}, ""shap_values"": [{""feature"": ""current_price"", ""shap_value"": -88.1998, ""direction"": ""-"", ""raw_value"": 42.0}, {""feature"": ""rolling_sales_30d"", ""shap_value"": -7.9148, ""direction"": ""-"", ""raw_value"": 257.1429}, {""feature"": ""sales_velocity_ratio"", ""shap_value"": 7.6749, ""direction"": ""+"", ""raw_value"": 0.7}]}","""Recommendation: Lower price to Rs. 42.0, no change from current price, to manage near expiry and stagnant sales within the next few days.""",{},False,
206,1,Winter Jacket,2026-04-12T20:00:06.738173,PRICING,M6_PRICING,0.3375,"[""SEASONAL_MISMATCH""]",{},"{""trigger"": {""pain_points"": [""SEASONAL_MISMATCH""], ""composite_risk_score"": 0.75, ""action_priority_score"": 0.3375, ""triggers"": [{""type"": ""SEASONAL_MISMATCH"", ""value"": null, ""desc"": ""seasonal demand mismatch detected""}]}, ""evidence"": {""current_stock"": 200, ""reorder_level"": 60, ""days_to_expiry"": 9999, ""sales_velocity_ratio"": 0.9, ""return_rate_30d"": 0.0, ""urgency_score"": 0.25, ""news_sentiment"": ""NEUTRAL"", ""tft_forecast_7d"": 65.0, ""top_shap_features"": [{""feature"": ""current_price"", ""shap_value"": 731.7375, ""direction"": ""+"", ""raw_value"": 900.0}, {""feature"": ""rolling_sales_30d"", ""shap_value"": -6.6413, ""direction"": ""-"", ""raw_value"": 278.5714}, {""feature"": ""category_encoded"", ""shap_value"": -4.2145, ""direction"": ""-"", ""raw_value"": 9.0}]}, ""reasoning"": {""path_chosen"": ""XGBOOST"", ""path_reason"": ""urgency <= 0.5 \u2192 XGBoost normal path"", ""price_direction"": ""DECREASE"", ""price_change_pct"": -4.5, ""fairness_check"": {""pms"": -0.345, ""clipped"": false}}, ""shap_values"": [{""feature"": ""current_price"", ""shap_value"": 731.7375, ""direction"": ""+"", ""raw_value"": 900.0}, {""feature"": ""rolling_sales_30d"", ""shap_value"": -6.6413, ""direction"": ""-"", ""raw_value"": 278.5714}, {""feature"": ""category_encoded"", ""shap_value"": -4.2145, ""direction"": ""-"", ""raw_value"": 9.0}]}","""Decrease the price of 200 units by 4.5% to Rs859.53 to boost sales and reduce the seasonal mismatch risk.""",{},False,
206,1,Winter Jacket,2026-04-12T20:00:09.899312,LOGISTICS,M5_LOGISTICS,0.3375,"[""SEASONAL_MISMATCH""]","{""quantity"": 0, ""supplier"": ""nearest_supplier""}","{""trigger"": {""pain_points"": [""SEASONAL_MISMATCH""], ""composite_risk_score"": 0.75, ""action_priority_score"": 0.3375, ""triggers"": [{""type"": ""SEASONAL_MISMATCH"", ""value"": null, ""desc"": ""seasonal demand mismatch detected""}]}, ""evidence"": {""current_stock"": 200, ""reorder_level"": 60, ""days_to_expiry"": 9999, ""sales_velocity_ratio"": 0.9, ""return_rate_30d"": 0.0, ""urgency_score"": 0.25, ""news_sentiment"": ""NEUTRAL"", ""tft_forecast_7d"": 65.0, ""top_shap_features"": []}, ""reasoning"": {""action_chosen"": ""RESTOCK"", ""restock_quantity"": 0, ""demand_forecast_7d"": 65.0, ""trigger_reasons"": [""seasonal demand spike incoming""]}, ""shap_values"": []}","""We recommend restocking 100 units of the item, as current stock levels may not match seasonal demand.""","{""projected_revenue"": 0.0, ""projected_cost"": 0.0, ""projected_margin"": 0.0, ""units_to_restock"": 0}",False,
202,1,Pepsi 600ml,2026-04-13T11:39:10.510173,LOGISTICS,M5_LOGISTICS,0.39,"[""NEAR_EXPIRY"", ""STAGNANT""]","{""markdown_pct"": 10.0, ""suggested_price"": 37.8, ""original_price"": 42.0, ""min_price"": 28.56, ""units_to_clear"": 500}","{""trigger"": {""pain_points"": [""NEAR_EXPIRY"", ""STAGNANT""], ""composite_risk_score"": 0.9, ""action_priority_score"": 0.39, ""triggers"": [{""type"": ""NEAR_EXPIRY"", ""value"": 9999, ""desc"": ""9999 days to expiry""}, {""type"": ""STAGNANT"", ""value"": 0.7, ""desc"": ""velocity ratio 0.70 < 0.7""}]}, ""evidence"": {""current_stock"": 500, ""reorder_level"": 50, ""days_to_expiry"": 9999, ""sales_velocity_ratio"": 0.7, ""return_rate_30d"": 0.0, ""urgency_score"": 0.25, ""news_sentiment"": ""NEUTRAL"", ""tft_forecast_7d"": 60.0, ""top_shap_features"": []}, ""reasoning"": {""action_chosen"": ""MARKDOWN"", ""scores"": {""TRANSFER"": 0.0, ""MARKDOWN"": 0.2667, ""WAREHOUSE_RETURN"": 0.2}, ""why_not_transfer"": ""single store \u2014 no transfer targets available"", ""expiry_factor"": ""1.0 (>= 14 days \u2014 normal)""}, ""shap_values"": []}","""Mark down the non-perishable items with 500 units to avoid near-expiry stock and stagnant sales, expected to recover 18,900 Rs.""","{""projected_revenue"": 18900.0, ""revenue_if_no_action"": 0.0, ""revenue_recovery"": 18900.0, ""days_to_clear"": 54, ""confidence"": ""MEDIUM""}",False,
202,1,Pepsi 600ml,2026-04-13T11:39:11.610580,PRICING,M6_PRICING,0.39,"[""NEAR_EXPIRY"", ""STAGNANT""]",{},"{""trigger"": {""pain_points"": [""NEAR_EXPIRY"", ""STAGNANT""], ""composite_risk_score"": 0.9, ""action_priority_score"": 0.39, ""triggers"": [{""type"": ""NEAR_EXPIRY"", ""value"": 9999, ""desc"": ""9999 days to expiry""}, {""type"": ""STAGNANT"", ""value"": 0.7, ""desc"": ""velocity ratio 0.70 < 0.7""}]}, ""evidence"": {""current_stock"": 500, ""reorder_level"": 50, ""days_to_expiry"": 9999, ""sales_velocity_ratio"": 0.7, ""return_rate_30d"": 0.0, ""urgency_score"": 0.25, ""news_sentiment"": ""NEUTRAL"", ""tft_forecast_7d"": 60.0, ""top_shap_features"": [{""feature"": ""current_price"", ""shap_value"": -88.1998, ""direction"": ""-"", ""raw_value"": 42.0}, {""feature"": ""rolling_sales_30d"", ""shap_value"": -7.9148, ""direction"": ""-"", ""raw_value"": 257.1429}, {""feature"": ""sales_velocity_ratio"", ""shap_value"": 7.6749, ""direction"": ""+"", ""raw_value"": 0.7}]}, ""reasoning"": {""path_chosen"": ""XGBOOST"", ""path_reason"": ""urgency <= 0.5 \u2192 XGBoost normal path"", ""price_direction"": ""STABLE"", ""price_change_pct"": 0.0, ""fairness_check"": {""pms"": -0.3, ""clipped"": false}}, ""shap_values"": [{""feature"": ""current_price"", ""shap_value"": -88.1998, ""direction"": ""-"", ""raw_value"": 42.0}, {""feature"": ""rolling_sales_30d"", ""shap_value"": -7.9148, ""direction"": ""-"", ""raw_value"": 257.1429}, {""feature"": ""sales_velocity_ratio"", ""shap_value"": 7.6749, ""direction"": ""+"", ""raw_value"": 0.7}]}","Based on current sales and stock, we recommend setting the price of the item to Rs 42.0 to clear our 500 units in stock.",{},False,
