product_id,store_id,urgency_score,issues,max_severity
PRD-0001,AHM-001,97.5,"['LOW_STOCK', 'NEAR_EXPIRY']",HIGH
PRD-0001,AHM-002,97.5,"['LOW_STOCK', 'NEAR_EXPIRY']",HIGH
PRD-0001,BLR-001,70.0,"['OVERSTOCK', 'NEAR_EXPIRY']",HIGH
PRD-0001,BLR-002,97.5,"['LOW_STOCK', 'NEAR_EXPIRY']",HIGH
PRD-0001,CHE-001,60.0,['NEAR_EXPIRY'],HIGH
PRD-0001,CHE-002,60.0,['NEAR_EXPIRY'],HIGH
PRD-0001,DEL-001,60.0,['NEAR_EXPIRY'],HIGH
PRD-0001,DEL-002,60.0,['NEAR_EXPIRY'],HIGH
PRD-0001,HYD-001,60.0,['NEAR_EXPIRY'],HIGH
PRD-0001,HYD-002,60.0,['NEAR_EXPIRY'],HIGH
PRD-0001,JAI-001,60.0,['NEAR_EXPIRY'],HIGH
PRD-0001,KOL-001,60.0,['NEAR_EXPIRY'],HIGH
PRD-0001,KOL-002,60.0,['NEAR_EXPIRY'],HIGH
PRD-0001,LUC-001,60.0,['NEAR_EXPIRY'],HIGH
PRD-0001,MUM-001,60.0,['NEAR_EXPIRY'],HIGH
PRD-0001,MUM-002,60.0,['NEAR_EXPIRY'],HIGH
PRD-0001,MUM-003,60.0,['NEAR_EXPIRY'],HIGH
PRD-0001,NGP-001,70.0,"['OVERSTOCK', 'NEAR_EXPIRY']",HIGH
PRD-0001,PUN-001,60.0,['NEAR_EXPIRY'],HIGH
PRD-0001,PUN-002,60.0,['NEAR_EXPIRY'],HIGH
PRD-0002,AHM-001,60.0,['NEAR_EXPIRY'],HIGH
PRD-0002,AHM-002,60.0,['NEAR_EXPIRY'],HIGH
PRD-0002,BLR-001,60.0,['NEAR_EXPIRY'],HIGH
PRD-0002,BLR-002,60.0,['NEAR_EXPIRY'],HIGH
PRD-0002,CHE-001,60.0,['NEAR_EXPIRY'],HIGH
PRD-0002,CHE-002,60.0,['NEAR_EXPIRY'],HIGH
PRD-0002,DEL-001,70.0,"['OVERSTOCK', 'NEAR_EXPIRY']",HIGH
PRD-0002,DEL-002,60.0,['NEAR_EXPIRY'],HIGH
PRD-0002,HYD-001,97.5,"['LOW_STOCK', 'NEAR_EXPIRY']",HIGH
PRD-0002,HYD-002,60.0,['NEAR_EXPIRY'],HIGH
PRD-0002,JAI-001,70.0,"['OVERSTOCK', 'NEAR_EXPIRY']",HIGH
PRD-0002,KOL-001,60.0,['NEAR_EXPIRY'],HIGH
PRD-0002,LUC-001,60.0,['NEAR_EXPIRY'],HIGH
PRD-0002,MUM-001,60.0,['NEAR_EXPIRY'],HIGH
PRD-0002,MUM-002,60.0,['NEAR_EXPIRY'],HIGH
PRD-0002,NGP-001,60.0,['NEAR_EXPIRY'],HIGH
PRD-0002,PUN-001,60.0,['NEAR_EXPIRY'],HIGH
PRD-0002,PUN-002,60.0,['NEAR_EXPIRY'],HIGH
PRD-0003,AHM-001,60.0,['NEAR_EXPIRY'],HIGH
PRD-0003,AHM-002,60.0,['NEAR_EXPIRY'],HIGH
PRD-0003,BLR-001,70.0,"['OVERSTOCK', 'NEAR_EXPIRY']",HIGH
PRD-0003,CHE-001,60.0,['NEAR_EXPIRY'],HIGH
PRD-0003,CHE-002,60.0,['NEAR_EXPIRY'],HIGH
PRD-0003,DEL-002,60.0,['NEAR_EXPIRY'],HIGH
PRD-0003,HYD-001,60.0,['NEAR_EXPIRY'],HIGH
PRD-0003,KOL-001,60.0,['NEAR_EXPIRY'],HIGH
PRD-0003,KOL-002,10.0,['OVERSTOCK'],MEDIUM
PRD-0003,MUM-002,60.0,['NEAR_EXPIRY'],HIGH
PRD-0003,MUM-003,60.0,['NEAR_EXPIRY'],HIGH
PRD-0003,NGP-001,10.0,['OVERSTOCK'],MEDIUM
PRD-0003,PUN-002,60.0,['NEAR_EXPIRY'],HIGH
PRD-0004,AHM-001,60.0,['NEAR_EXPIRY'],HIGH
PRD-0004,AHM-002,60.0,['NEAR_EXPIRY'],HIGH
PRD-0004,BLR-001,70.0,"['OVERSTOCK', 'NEAR_EXPIRY']",HIGH
PRD-0004,BLR-002,60.0,['NEAR_EXPIRY'],HIGH
PRD-0004,CHE-001,60.0,['NEAR_EXPIRY'],HIGH
PRD-0004,CHE-002,60.0,['NEAR_EXPIRY'],HIGH
PRD-0004,DEL-001,60.0,['NEAR_EXPIRY'],HIGH
PRD-0004,DEL-002,60.0,['NEAR_EXPIRY'],HIGH
PRD-0004,HYD-001,60.0,['NEAR_EXPIRY'],HIGH
PRD-0004,HYD-002,60.0,['NEAR_EXPIRY'],HIGH
PRD-0004,JAI-001,97.5,"['LOW_STOCK', 'NEAR_EXPIRY']",HIGH
PRD-0004,KOL-001,60.0,['NEAR_EXPIRY'],HIGH
PRD-0004,KOL-002,60.0,['NEAR_EXPIRY'],HIGH
PRD-0004,LUC-001,60.0,['NEAR_EXPIRY'],HIGH
PRD-0004,MUM-001,60.0,['NEAR_EXPIRY'],HIGH
PRD-0004,MUM-002,60.0,['NEAR_EXPIRY'],HIGH
PRD-0004,MUM-003,60.0,['NEAR_EXPIRY'],HIGH
PRD-0004,NGP-001,60.0,['NEAR_EXPIRY'],HIGH
PRD-0004,PUN-001,70.0,"['OVERSTOCK', 'NEAR_EXPIRY']",HIGH
PRD-0004,PUN-002,60.0,['NEAR_EXPIRY'],HIGH
PRD-0005,AHM-001,60.0,['NEAR_EXPIRY'],HIGH
PRD-0005,AHM-002,60.0,['NEAR_EXPIRY'],HIGH
PRD-0005,BLR-001,70.0,"['OVERSTOCK', 'NEAR_EXPIRY']",HIGH
PRD-0005,BLR-002,60.0,['NEAR_EXPIRY'],HIGH
PRD-0005,CHE-001,60.0,['NEAR_EXPIRY'],HIGH
PRD-0005,CHE-002,60.0,['NEAR_EXPIRY'],HIGH
PRD-0005,DEL-001,60.0,['NEAR_EXPIRY'],HIGH
PRD-0005,DEL-002,60.0,['NEAR_EXPIRY'],HIGH
PRD-0005,HYD-001,97.5,"['LOW_STOCK', 'NEAR_EXPIRY']",HIGH
PRD-0005,HYD-002,60.0,['NEAR_EXPIRY'],HIGH
PRD-0005,JAI-001,97.5,"['LOW_STOCK', 'NEAR_EXPIRY']",HIGH
PRD-0005,KOL-001,97.5,"['LOW_STOCK', 'NEAR_EXPIRY']",HIGH
PRD-0005,KOL-002,60.0,['NEAR_EXPIRY'],HIGH
PRD-0005,LUC-001,70.0,"['OVERSTOCK', 'NEAR_EXPIRY']",HIGH
PRD-0005,MUM-001,60.0,['NEAR_EXPIRY'],HIGH
PRD-0005,MUM-002,60.0,['NEAR_EXPIRY'],HIGH
PRD-0005,MUM-003,60.0,['NEAR_EXPIRY'],HIGH
PRD-0005,NGP-001,60.0,['NEAR_EXPIRY'],HIGH
PRD-0005,PUN-001,97.5,"['LOW_STOCK', 'NEAR_EXPIRY']",HIGH
PRD-0005,PUN-002,60.0,['NEAR_EXPIRY'],HIGH
PRD-0006,AHM-001,60.0,['NEAR_EXPIRY'],HIGH
PRD-0006,AHM-002,70.0,"['OVERSTOCK', 'NEAR_EXPIRY']",HIGH
PRD-0006,BLR-001,60.0,['NEAR_EXPIRY'],HIGH
PRD-0006,BLR-002,60.0,['NEAR_EXPIRY'],HIGH
PRD-0006,CHE-001,60.0,['NEAR_EXPIRY'],HIGH
PRD-0006,CHE-002,70.0,"['OVERSTOCK', 'NEAR_EXPIRY']",HIGH
PRD-0006,DEL-001,60.0,['NEAR_EXPIRY'],HIGH
PRD-0006,DEL-002,60.0,['NEAR_EXPIRY'],HIGH
PRD-0006,HYD-001,70.0,"['OVERSTOCK', 'NEAR_EXPIRY']",HIGH
PRD-0006,HYD-002,60.0,['NEAR_EXPIRY'],HIGH
PRD-0006,JAI-001,60.0,['NEAR_EXPIRY'],HIGH
PRD-0006,KOL-001,60.0,['NEAR_EXPIRY'],HIGH
PRD-0006,KOL-002,60.0,['NEAR_EXPIRY'],HIGH
PRD-0006,LUC-001,70.0,"['OVERSTOCK', 'NEAR_EXPIRY']",HIGH
PRD-0006,MUM-001,97.5,"['LOW_STOCK', 'NEAR_EXPIRY']",HIGH
PRD-0006,MUM-002,97.5,"['LOW_STOCK', 'NEAR_EXPIRY']",HIGH
PRD-0006,MUM-003,60.0,['NEAR_EXPIRY'],HIGH
PRD-0006,NGP-001,70.0,"['OVERSTOCK', 'NEAR_EXPIRY']",HIGH
PRD-0006,PUN-001,60.0,['NEAR_EXPIRY'],HIGH
PRD-0006,PUN-002,60.0,['NEAR_EXPIRY'],HIGH
PRD-0007,AHM-001,60.0,['NEAR_EXPIRY'],HIGH
PRD-0007,AHM-002,60.0,['NEAR_EXPIRY'],HIGH
PRD-0007,BLR-001,60.0,['NEAR_EXPIRY'],HIGH
PRD-0007,BLR-002,60.0,['NEAR_EXPIRY'],HIGH
PRD-0007,CHE-001,60.0,['NEAR_EXPIRY'],HIGH
PRD-0007,CHE-002,97.5,"['LOW_STOCK', 'NEAR_EXPIRY']",HIGH
PRD-0007,DEL-001,60.0,['NEAR_EXPIRY'],HIGH
PRD-0007,DEL-002,97.5,"['LOW_STOCK', 'NEAR_EXPIRY']",HIGH
PRD-0007,HYD-001,70.0,"['OVERSTOCK', 'NEAR_EXPIRY']",HIGH
PRD-0007,HYD-002,60.0,['NEAR_EXPIRY'],HIGH
PRD-0007,JAI-001,70.0,"['OVERSTOCK', 'NEAR_EXPIRY']",HIGH
PRD-0007,KOL-001,60.0,['NEAR_EXPIRY'],HIGH
PRD-0007,KOL-002,60.0,['NEAR_EXPIRY'],HIGH
PRD-0007,LUC-001,70.0,"['OVERSTOCK', 'NEAR_EXPIRY']",HIGH
PRD-0007,MUM-001,60.0,['NEAR_EXPIRY'],HIGH
PRD-0007,MUM-002,60.0,['NEAR_EXPIRY'],HIGH
PRD-0007,MUM-003,97.5,"['LOW_STOCK', 'NEAR_EXPIRY']",HIGH
PRD-0007,NGP-001,97.5,"['LOW_STOCK', 'NEAR_EXPIRY']",HIGH
PRD-0007,PUN-001,97.5,"['LOW_STOCK', 'NEAR_EXPIRY']",HIGH
PRD-0007,PUN-002,60.0,['NEAR_EXPIRY'],HIGH
PRD-0008,AHM-001,60.0,['NEAR_EXPIRY'],HIGH
PRD-0008,AHM-002,60.0,['NEAR_EXPIRY'],HIGH
PRD-0008,BLR-001,60.0,['NEAR_EXPIRY'],HIGH
PRD-0008,BLR-002,60.0,['NEAR_EXPIRY'],HIGH
PRD-0008,CHE-001,60.0,['NEAR_EXPIRY'],HIGH
PRD-0008,DEL-001,60.0,['NEAR_EXPIRY'],HIGH
PRD-0008,HYD-001,60.0,['NEAR_EXPIRY'],HIGH
PRD-0008,HYD-002,60.0,['NEAR_EXPIRY'],HIGH
PRD-0008,JAI-001,60.0,['NEAR_EXPIRY'],HIGH
PRD-0008,KOL-001,60.0,['NEAR_EXPIRY'],HIGH
PRD-0008,KOL-002,97.5,"['LOW_STOCK', 'NEAR_EXPIRY']",HIGH
PRD-0008,LUC-001,60.0,['NEAR_EXPIRY'],HIGH
PRD-0008,MUM-001,60.0,['NEAR_EXPIRY'],HIGH
PRD-0008,NGP-001,37.5,['LOW_STOCK'],HIGH
PRD-0008,PUN-001,60.0,['NEAR_EXPIRY'],HIGH
PRD-0008,PUN-002,60.0,['NEAR_EXPIRY'],HIGH
PRD-0009,AHM-001,60.0,['NEAR_EXPIRY'],HIGH
PRD-0009,AHM-002,60.0,['NEAR_EXPIRY'],HIGH
PRD-0009,BLR-001,60.0,['NEAR_EXPIRY'],HIGH
PRD-0009,BLR-002,70.0,"['OVERSTOCK', 'NEAR_EXPIRY']",HIGH
PRD-0009,CHE-001,60.0,['NEAR_EXPIRY'],HIGH
PRD-0009,CHE-002,70.0,"['OVERSTOCK', 'NEAR_EXPIRY']",HIGH
PRD-0009,DEL-001,60.0,['NEAR_EXPIRY'],HIGH
PRD-0009,DEL-002,60.0,['NEAR_EXPIRY'],HIGH
PRD-0009,HYD-001,60.0,['NEAR_EXPIRY'],HIGH
PRD-0009,HYD-002,60.0,['NEAR_EXPIRY'],HIGH
PRD-0009,JAI-001,60.0,['NEAR_EXPIRY'],HIGH
PRD-0009,KOL-001,60.0,['NEAR_EXPIRY'],HIGH
PRD-0009,KOL-002,60.0,['NEAR_EXPIRY'],HIGH
PRD-0009,LUC-001,60.0,['NEAR_EXPIRY'],HIGH
PRD-0009,MUM-001,60.0,['NEAR_EXPIRY'],HIGH
PRD-0009,MUM-002,60.0,['NEAR_EXPIRY'],HIGH
PRD-0009,MUM-003,97.5,"['LOW_STOCK', 'NEAR_EXPIRY']",HIGH
PRD-0009,NGP-001,97.5,"['LOW_STOCK', 'NEAR_EXPIRY']",HIGH
PRD-0009,PUN-001,60.0,['NEAR_EXPIRY'],HIGH
PRD-0009,PUN-002,60.0,['NEAR_EXPIRY'],HIGH
PRD-0010,AHM-001,60.0,['NEAR_EXPIRY'],HIGH
PRD-0010,AHM-002,60.0,['NEAR_EXPIRY'],HIGH
PRD-0010,BLR-001,60.0,['NEAR_EXPIRY'],HIGH
PRD-0010,BLR-002,60.0,['NEAR_EXPIRY'],HIGH
PRD-0010,CHE-001,60.0,['NEAR_EXPIRY'],HIGH
PRD-0010,CHE-002,70.0,"['OVERSTOCK', 'NEAR_EXPIRY']",HIGH
PRD-0010,DEL-001,60.0,['NEAR_EXPIRY'],HIGH
PRD-0010,DEL-002,60.0,['NEAR_EXPIRY'],HIGH
PRD-0010,HYD-001,60.0,['NEAR_EXPIRY'],HIGH
PRD-0010,HYD-002,60.0,['NEAR_EXPIRY'],HIGH
PRD-0010,JAI-001,60.0,['NEAR_EXPIRY'],HIGH
PRD-0010,KOL-001,97.5,"['LOW_STOCK', 'NEAR_EXPIRY']",HIGH
PRD-0010,KOL-002,97.5,"['LOW_STOCK', 'NEAR_EXPIRY']",HIGH
PRD-0010,LUC-001,70.0,"['OVERSTOCK', 'NEAR_EXPIRY']",HIGH
PRD-0010,MUM-001,60.0,['NEAR_EXPIRY'],HIGH
PRD-0010,MUM-002,97.5,"['LOW_STOCK', 'NEAR_EXPIRY']",HIGH
PRD-0010,MUM-003,60.0,['NEAR_EXPIRY'],HIGH
PRD-0010,NGP-001,70.0,"['OVERSTOCK', 'NEAR_EXPIRY']",HIGH
PRD-0010,PUN-001,70.0,"['OVERSTOCK', 'NEAR_EXPIRY']",HIGH
PRD-0010,PUN-002,60.0,['NEAR_EXPIRY'],HIGH
PRD-0011,AHM-001,60.0,['NEAR_EXPIRY'],HIGH
PRD-0011,AHM-002,60.0,['NEAR_EXPIRY'],HIGH
PRD-0011,BLR-001,60.0,['NEAR_EXPIRY'],HIGH
PRD-0011,BLR-002,60.0,['NEAR_EXPIRY'],HIGH
PRD-0011,CHE-001,60.0,['NEAR_EXPIRY'],HIGH
PRD-0011,CHE-002,60.0,['NEAR_EXPIRY'],HIGH
PRD-0011,DEL-001,60.0,['NEAR_EXPIRY'],HIGH
PRD-0011,DEL-002,60.0,['NEAR_EXPIRY'],HIGH
PRD-0011,HYD-001,60.0,['NEAR_EXPIRY'],HIGH
PRD-0011,HYD-002,70.0,"['OVERSTOCK', 'NEAR_EXPIRY']",HIGH
PRD-0011,JAI-001,97.5,"['LOW_STOCK', 'NEAR_EXPIRY']",HIGH
PRD-0011,KOL-001,60.0,['NEAR_EXPIRY'],HIGH
PRD-0011,KOL-002,60.0,['NEAR_EXPIRY'],HIGH
PRD-0011,LUC-001,60.0,['NEAR_EXPIRY'],HIGH
PRD-0011,MUM-001,60.0,['NEAR_EXPIRY'],HIGH
PRD-0011,MUM-002,60.0,['NEAR_EXPIRY'],HIGH
PRD-0011,MUM-003,60.0,['NEAR_EXPIRY'],HIGH
PRD-0011,NGP-001,70.0,"['OVERSTOCK', 'NEAR_EXPIRY']",HIGH
PRD-0011,PUN-001,60.0,['NEAR_EXPIRY'],HIGH
PRD-0011,PUN-002,60.0,['NEAR_EXPIRY'],HIGH
PRD-0012,AHM-001,97.5,"['LOW_STOCK', 'NEAR_EXPIRY']",HIGH
PRD-0012,AHM-002,60.0,['NEAR_EXPIRY'],HIGH
PRD-0012,BLR-001,60.0,['NEAR_EXPIRY'],HIGH
PRD-0012,BLR-002,60.0,['NEAR_EXPIRY'],HIGH
PRD-0012,CHE-001,60.0,['NEAR_EXPIRY'],HIGH
PRD-0012,CHE-002,60.0,['NEAR_EXPIRY'],HIGH
PRD-0012,DEL-001,60.0,['NEAR_EXPIRY'],HIGH
PRD-0012,DEL-002,60.0,['NEAR_EXPIRY'],HIGH
PRD-0012,HYD-001,70.0,"['OVERSTOCK', 'NEAR_EXPIRY']",HIGH
PRD-0012,HYD-002,60.0,['NEAR_EXPIRY'],HIGH
PRD-0012,JAI-001,37.5,['LOW_STOCK'],HIGH
PRD-0012,KOL-001,60.0,['NEAR_EXPIRY'],HIGH
PRD-0012,KOL-002,97.5,"['LOW_STOCK', 'NEAR_EXPIRY']",HIGH
PRD-0012,LUC-001,97.5,"['LOW_STOCK', 'NEAR_EXPIRY']",HIGH
PRD-0012,MUM-002,97.5,"['LOW_STOCK', 'NEAR_EXPIRY']",HIGH
PRD-0012,PUN-001,70.0,"['OVERSTOCK', 'NEAR_EXPIRY']",HIGH
PRD-0012,PUN-002,97.5,"['LOW_STOCK', 'NEAR_EXPIRY']",HIGH
PRD-0013,AHM-001,97.5,"['LOW_STOCK', 'NEAR_EXPIRY']",HIGH
PRD-0013,AHM-002,60.0,['NEAR_EXPIRY'],HIGH
PRD-0013,BLR-001,60.0,['NEAR_EXPIRY'],HIGH
PRD-0013,BLR-002,37.5,['LOW_STOCK'],HIGH
PRD-0013,CHE-001,60.0,['NEAR_EXPIRY'],HIGH
PRD-0013,CHE-002,70.0,"['OVERSTOCK', 'NEAR_EXPIRY']",HIGH
PRD-0013,DEL-001,60.0,['NEAR_EXPIRY'],HIGH
PRD-0013,DEL-002,70.0,"['OVERSTOCK', 'NEAR_EXPIRY']",HIGH
PRD-0013,HYD-002,60.0,['NEAR_EXPIRY'],HIGH
PRD-0013,JAI-001,60.0,['NEAR_EXPIRY'],HIGH
PRD-0013,KOL-001,60.0,['NEAR_EXPIRY'],HIGH
PRD-0013,LUC-001,97.5,"['LOW_STOCK', 'NEAR_EXPIRY']",HIGH
PRD-0013,MUM-002,60.0,['NEAR_EXPIRY'],HIGH
PRD-0013,MUM-003,60.0,['NEAR_EXPIRY'],HIGH
PRD-0013,NGP-001,60.0,['NEAR_EXPIRY'],HIGH
PRD-0014,AHM-001,70.0,"['OVERSTOCK', 'NEAR_EXPIRY']",HIGH
PRD-0014,AHM-002,60.0,['NEAR_EXPIRY'],HIGH
PRD-0014,BLR-001,60.0,['NEAR_EXPIRY'],HIGH
PRD-0014,BLR-002,60.0,['NEAR_EXPIRY'],HIGH
PRD-0014,CHE-001,60.0,['NEAR_EXPIRY'],HIGH
PRD-0014,CHE-002,70.0,"['OVERSTOCK', 'NEAR_EXPIRY']",HIGH
PRD-0014,DEL-001,60.0,['NEAR_EXPIRY'],HIGH
PRD-0014,DEL-002,60.0,['NEAR_EXPIRY'],HIGH
PRD-0014,HYD-001,60.0,['NEAR_EXPIRY'],HIGH
PRD-0014,HYD-002,60.0,['NEAR_EXPIRY'],HIGH
PRD-0014,JAI-001,60.0,['NEAR_EXPIRY'],HIGH
PRD-0014,KOL-001,60.0,['NEAR_EXPIRY'],HIGH
PRD-0014,KOL-002,97.5,"['LOW_STOCK', 'NEAR_EXPIRY']",HIGH
PRD-0014,LUC-001,60.0,['NEAR_EXPIRY'],HIGH
PRD-0014,MUM-001,97.5,"['LOW_STOCK', 'NEAR_EXPIRY']",HIGH
PRD-0014,MUM-002,60.0,['NEAR_EXPIRY'],HIGH
PRD-0014,MUM-003,97.5,"['LOW_STOCK', 'NEAR_EXPIRY']",HIGH
PRD-0014,NGP-001,70.0,"['OVERSTOCK', 'NEAR_EXPIRY']",HIGH
PRD-0014,PUN-001,97.5,"['LOW_STOCK', 'NEAR_EXPIRY']",HIGH
PRD-0014,PUN-002,60.0,['NEAR_EXPIRY'],HIGH
PRD-0015,AHM-001,60.0,['NEAR_EXPIRY'],HIGH
PRD-0015,AHM-002,60.0,['NEAR_EXPIRY'],HIGH
PRD-0015,BLR-001,60.0,['NEAR_EXPIRY'],HIGH
PRD-0015,BLR-002,60.0,['NEAR_EXPIRY'],HIGH
PRD-0015,CHE-001,60.0,['NEAR_EXPIRY'],HIGH
PRD-0015,CHE-002,60.0,['NEAR_EXPIRY'],HIGH
PRD-0015,DEL-001,60.0,['NEAR_EXPIRY'],HIGH
PRD-0015,DEL-002,60.0,['NEAR_EXPIRY'],HIGH
PRD-0015,HYD-001,70.0,"['OVERSTOCK', 'NEAR_EXPIRY']",HIGH
PRD-0015,HYD-002,60.0,['NEAR_EXPIRY'],HIGH
PRD-0015,JAI-001,60.0,['NEAR_EXPIRY'],HIGH
PRD-0015,KOL-001,60.0,['NEAR_EXPIRY'],HIGH
PRD-0015,KOL-002,97.5,"['LOW_STOCK', 'NEAR_EXPIRY']",HIGH
PRD-0015,LUC-001,60.0,['NEAR_EXPIRY'],HIGH
PRD-0015,MUM-001,60.0,['NEAR_EXPIRY'],HIGH
PRD-0015,MUM-002,97.5,"['LOW_STOCK', 'NEAR_EXPIRY']",HIGH
PRD-0015,MUM-003,60.0,['NEAR_EXPIRY'],HIGH
PRD-0015,NGP-001,60.0,['NEAR_EXPIRY'],HIGH
PRD-0015,PUN-001,60.0,['NEAR_EXPIRY'],HIGH
PRD-0015,PUN-002,60.0,['NEAR_EXPIRY'],HIGH
PRD-0016,AHM-001,60.0,['NEAR_EXPIRY'],HIGH
PRD-0016,AHM-002,70.0,"['OVERSTOCK', 'NEAR_EXPIRY']",HIGH
PRD-0016,BLR-001,97.5,"['LOW_STOCK', 'NEAR_EXPIRY']",HIGH
PRD-0016,BLR-002,60.0,['NEAR_EXPIRY'],HIGH
PRD-0016,CHE-001,60.0,['NEAR_EXPIRY'],HIGH
PRD-0016,CHE-002,70.0,"['OVERSTOCK', 'NEAR_EXPIRY']",HIGH
PRD-0016,DEL-001,60.0,['NEAR_EXPIRY'],HIGH
PRD-0016,DEL-002,60.0,['NEAR_EXPIRY'],HIGH
PRD-0016,HYD-001,97.5,"['LOW_STOCK', 'NEAR_EXPIRY']",HIGH
PRD-0016,HYD-002,60.0,['NEAR_EXPIRY'],HIGH
PRD-0016,JAI-001,70.0,"['OVERSTOCK', 'NEAR_EXPIRY']",HIGH
PRD-0016,KOL-001,60.0,['NEAR_EXPIRY'],HIGH
PRD-0016,KOL-002,97.5,"['LOW_STOCK', 'NEAR_EXPIRY']",HIGH
PRD-0016,LUC-001,60.0,['NEAR_EXPIRY'],HIGH
PRD-0016,MUM-001,60.0,['NEAR_EXPIRY'],HIGH
PRD-0016,MUM-002,60.0,['NEAR_EXPIRY'],HIGH
PRD-0016,MUM-003,60.0,['NEAR_EXPIRY'],HIGH
PRD-0016,NGP-001,70.0,"['OVERSTOCK', 'NEAR_EXPIRY']",HIGH
PRD-0016,PUN-001,60.0,['NEAR_EXPIRY'],HIGH
PRD-0016,PUN-002,60.0,['NEAR_EXPIRY'],HIGH
PRD-0017,AHM-001,60.0,['NEAR_EXPIRY'],HIGH
PRD-0017,AHM-002,60.0,['NEAR_EXPIRY'],HIGH
PRD-0017,BLR-001,60.0,['NEAR_EXPIRY'],HIGH
PRD-0017,BLR-002,60.0,['NEAR_EXPIRY'],HIGH
PRD-0017,CHE-001,60.0,['NEAR_EXPIRY'],HIGH
PRD-0017,CHE-002,60.0,['NEAR_EXPIRY'],HIGH
PRD-0017,DEL-001,60.0,['NEAR_EXPIRY'],HIGH
PRD-0017,DEL-002,60.0,['NEAR_EXPIRY'],HIGH
PRD-0017,HYD-001,70.0,"['OVERSTOCK', 'NEAR_EXPIRY']",HIGH
PRD-0017,HYD-002,60.0,['NEAR_EXPIRY'],HIGH
PRD-0017,JAI-001,60.0,['NEAR_EXPIRY'],HIGH
PRD-0017,KOL-001,60.0,['NEAR_EXPIRY'],HIGH
PRD-0017,KOL-002,60.0,['NEAR_EXPIRY'],HIGH
PRD-0017,LUC-001,60.0,['NEAR_EXPIRY'],HIGH
PRD-0017,MUM-001,60.0,['NEAR_EXPIRY'],HIGH
PRD-0017,MUM-002,60.0,['NEAR_EXPIRY'],HIGH
PRD-0017,MUM-003,60.0,['NEAR_EXPIRY'],HIGH
PRD-0017,NGP-001,60.0,['NEAR_EXPIRY'],HIGH
PRD-0017,PUN-001,60.0,['NEAR_EXPIRY'],HIGH
PRD-0017,PUN-002,60.0,['NEAR_EXPIRY'],HIGH
PRD-0018,AHM-001,70.0,"['OVERSTOCK', 'NEAR_EXPIRY']",HIGH
PRD-0018,AHM-002,60.0,['NEAR_EXPIRY'],HIGH
PRD-0018,BLR-001,37.5,['LOW_STOCK'],HIGH
PRD-0018,BLR-002,60.0,['NEAR_EXPIRY'],HIGH
PRD-0018,DEL-001,60.0,['NEAR_EXPIRY'],HIGH
PRD-0018,HYD-001,37.5,['LOW_STOCK'],HIGH
PRD-0018,HYD-002,60.0,['NEAR_EXPIRY'],HIGH
PRD-0018,JAI-001,70.0,"['OVERSTOCK', 'NEAR_EXPIRY']",HIGH
PRD-0018,KOL-001,60.0,['NEAR_EXPIRY'],HIGH
PRD-0018,KOL-002,70.0,"['OVERSTOCK', 'NEAR_EXPIRY']",HIGH
PRD-0018,LUC-001,60.0,['NEAR_EXPIRY'],HIGH
PRD-0018,MUM-002,60.0,['NEAR_EXPIRY'],HIGH
PRD-0018,MUM-003,60.0,['NEAR_EXPIRY'],HIGH
PRD-0018,NGP-001,10.0,['OVERSTOCK'],MEDIUM
PRD-0018,PUN-002,60.0,['NEAR_EXPIRY'],HIGH
PRD-0019,BLR-001,60.0,['NEAR_EXPIRY'],HIGH
PRD-0019,CHE-001,10.0,['OVERSTOCK'],MEDIUM
PRD-0019,CHE-002,60.0,['NEAR_EXPIRY'],HIGH
PRD-0019,DEL-001,60.0,['NEAR_EXPIRY'],HIGH
PRD-0019,DEL-002,60.0,['NEAR_EXPIRY'],HIGH
PRD-0019,HYD-001,60.0,['NEAR_EXPIRY'],HIGH
PRD-0019,HYD-002,60.0,['NEAR_EXPIRY'],HIGH
PRD-0019,JAI-001,10.0,['OVERSTOCK'],MEDIUM
PRD-0019,KOL-001,70.0,"['OVERSTOCK', 'NEAR_EXPIRY']",HIGH
PRD-0019,LUC-001,37.5,['LOW_STOCK'],HIGH
PRD-0019,MUM-003,60.0,['NEAR_EXPIRY'],HIGH
PRD-0019,NGP-001,10.0,['OVERSTOCK'],MEDIUM
PRD-0019,PUN-001,60.0,['NEAR_EXPIRY'],HIGH
PRD-0019,PUN-002,97.5,"['LOW_STOCK', 'NEAR_EXPIRY']",HIGH
PRD-0020,AHM-001,37.5,['LOW_STOCK'],HIGH
PRD-0020,BLR-001,70.0,"['OVERSTOCK', 'NEAR_EXPIRY']",HIGH
PRD-0020,CHE-002,70.0,"['OVERSTOCK', 'NEAR_EXPIRY']",HIGH
PRD-0020,DEL-001,37.5,['LOW_STOCK'],HIGH
PRD-0020,HYD-001,60.0,['NEAR_EXPIRY'],HIGH
PRD-0020,JAI-001,10.0,['OVERSTOCK'],MEDIUM
PRD-0020,KOL-002,37.5,['LOW_STOCK'],HIGH
PRD-0020,LUC-001,60.0,['NEAR_EXPIRY'],HIGH
PRD-0020,MUM-002,70.0,"['OVERSTOCK', 'NEAR_EXPIRY']",HIGH
PRD-0020,MUM-003,10.0,['OVERSTOCK'],MEDIUM
PRD-0020,NGP-001,10.0,['OVERSTOCK'],MEDIUM
PRD-0020,PUN-001,60.0,['NEAR_EXPIRY'],HIGH
PRD-0020,PUN-002,60.0,['NEAR_EXPIRY'],HIGH
PRD-0021,AHM-001,60.0,['NEAR_EXPIRY'],HIGH
PRD-0021,AHM-002,60.0,['NEAR_EXPIRY'],HIGH
PRD-0021,BLR-001,60.0,['NEAR_EXPIRY'],HIGH
PRD-0021,BLR-002,60.0,['NEAR_EXPIRY'],HIGH
PRD-0021,CHE-001,60.0,['NEAR_EXPIRY'],HIGH
PRD-0021,CHE-002,60.0,['NEAR_EXPIRY'],HIGH
PRD-0021,DEL-001,60.0,['NEAR_EXPIRY'],HIGH
PRD-0021,DEL-002,60.0,['NEAR_EXPIRY'],HIGH
PRD-0021,HYD-001,60.0,['NEAR_EXPIRY'],HIGH
PRD-0021,HYD-002,60.0,['NEAR_EXPIRY'],HIGH
PRD-0021,JAI-001,60.0,['NEAR_EXPIRY'],HIGH
PRD-0021,KOL-001,60.0,['NEAR_EXPIRY'],HIGH
PRD-0021,KOL-002,60.0,['NEAR_EXPIRY'],HIGH
PRD-0021,LUC-001,97.5,"['LOW_STOCK', 'NEAR_EXPIRY']",HIGH
PRD-0021,MUM-001,60.0,['NEAR_EXPIRY'],HIGH
PRD-0021,MUM-002,60.0,['NEAR_EXPIRY'],HIGH
PRD-0021,MUM-003,97.5,"['LOW_STOCK', 'NEAR_EXPIRY']",HIGH
PRD-0021,NGP-001,70.0,"['OVERSTOCK', 'NEAR_EXPIRY']",HIGH
PRD-0021,PUN-001,60.0,['NEAR_EXPIRY'],HIGH
PRD-0021,PUN-002,60.0,['NEAR_EXPIRY'],HIGH
PRD-0022,AHM-001,97.5,"['LOW_STOCK', 'NEAR_EXPIRY']",HIGH
PRD-0022,AHM-002,60.0,['NEAR_EXPIRY'],HIGH
PRD-0022,BLR-001,70.0,"['OVERSTOCK', 'NEAR_EXPIRY']",HIGH
PRD-0022,BLR-002,60.0,['NEAR_EXPIRY'],HIGH
PRD-0022,CHE-001,60.0,['NEAR_EXPIRY'],HIGH
PRD-0022,CHE-002,60.0,['NEAR_EXPIRY'],HIGH
PRD-0022,DEL-001,60.0,['NEAR_EXPIRY'],HIGH
PRD-0022,DEL-002,60.0,['NEAR_EXPIRY'],HIGH
PRD-0022,HYD-001,60.0,['NEAR_EXPIRY'],HIGH
PRD-0022,HYD-002,60.0,['NEAR_EXPIRY'],HIGH
PRD-0022,JAI-001,60.0,['NEAR_EXPIRY'],HIGH
PRD-0022,KOL-001,60.0,['NEAR_EXPIRY'],HIGH
PRD-0022,KOL-002,60.0,['NEAR_EXPIRY'],HIGH
PRD-0022,LUC-001,97.5,"['LOW_STOCK', 'NEAR_EXPIRY']",HIGH
PRD-0022,MUM-001,97.5,"['LOW_STOCK', 'NEAR_EXPIRY']",HIGH
PRD-0022,MUM-002,60.0,['NEAR_EXPIRY'],HIGH
PRD-0022,MUM-003,97.5,"['LOW_STOCK', 'NEAR_EXPIRY']",HIGH
PRD-0022,NGP-001,70.0,"['OVERSTOCK', 'NEAR_EXPIRY']",HIGH
PRD-0022,PUN-001,60.0,['NEAR_EXPIRY'],HIGH
PRD-0022,PUN-002,60.0,['NEAR_EXPIRY'],HIGH
PRD-0023,AHM-001,70.0,"['OVERSTOCK', 'NEAR_EXPIRY']",HIGH
PRD-0023,AHM-002,60.0,['NEAR_EXPIRY'],HIGH
PRD-0023,BLR-001,60.0,['NEAR_EXPIRY'],HIGH
PRD-0023,BLR-002,97.5,"['LOW_STOCK', 'NEAR_EXPIRY']",HIGH
PRD-0023,CHE-001,60.0,['NEAR_EXPIRY'],HIGH
PRD-0023,CHE-002,60.0,['NEAR_EXPIRY'],HIGH
PRD-0023,DEL-001,60.0,['NEAR_EXPIRY'],HIGH
PRD-0023,DEL-002,60.0,['NEAR_EXPIRY'],HIGH
PRD-0023,HYD-001,70.0,"['OVERSTOCK', 'NEAR_EXPIRY']",HIGH
PRD-0023,HYD-002,60.0,['NEAR_EXPIRY'],HIGH
PRD-0023,JAI-001,100.0,"['OVERSTOCK', 'HIGH_RETURNS', 'NEAR_EXPIRY']",HIGH
PRD-0023,KOL-001,60.0,['NEAR_EXPIRY'],HIGH
PRD-0023,KOL-002,60.0,['NEAR_EXPIRY'],HIGH
PRD-0023,LUC-001,70.0,"['OVERSTOCK', 'NEAR_EXPIRY']",HIGH
PRD-0023,MUM-001,70.0,"['OVERSTOCK', 'NEAR_EXPIRY']",HIGH
PRD-0023,MUM-002,60.0,['NEAR_EXPIRY'],HIGH
PRD-0023,MUM-003,60.0,['NEAR_EXPIRY'],HIGH
PRD-0023,NGP-001,70.0,"['OVERSTOCK', 'NEAR_EXPIRY']",HIGH
PRD-0023,PUN-001,97.5,"['LOW_STOCK', 'NEAR_EXPIRY']",HIGH
PRD-0023,PUN-002,60.0,['NEAR_EXPIRY'],HIGH
PRD-0024,AHM-001,97.5,"['LOW_STOCK', 'NEAR_EXPIRY']",HIGH
PRD-0024,AHM-002,97.5,"['LOW_STOCK', 'NEAR_EXPIRY']",HIGH
PRD-0024,BLR-001,60.0,['NEAR_EXPIRY'],HIGH
PRD-0024,BLR-002,70.0,"['OVERSTOCK', 'NEAR_EXPIRY']",HIGH
PRD-0024,CHE-001,60.0,['NEAR_EXPIRY'],HIGH
PRD-0024,CHE-002,97.5,"['LOW_STOCK', 'NEAR_EXPIRY']",HIGH
PRD-0024,DEL-001,97.5,"['LOW_STOCK', 'NEAR_EXPIRY']",HIGH
PRD-0024,DEL-002,60.0,['NEAR_EXPIRY'],HIGH
PRD-0024,HYD-001,60.0,['NEAR_EXPIRY'],HIGH
PRD-0024,HYD-002,60.0,['NEAR_EXPIRY'],HIGH
PRD-0024,JAI-001,60.0,['NEAR_EXPIRY'],HIGH
PRD-0024,KOL-001,60.0,['NEAR_EXPIRY'],HIGH
PRD-0024,KOL-002,60.0,['NEAR_EXPIRY'],HIGH
PRD-0024,LUC-001,60.0,['NEAR_EXPIRY'],HIGH
PRD-0024,MUM-001,70.0,"['OVERSTOCK', 'NEAR_EXPIRY']",HIGH
PRD-0024,MUM-002,60.0,['NEAR_EXPIRY'],HIGH
PRD-0024,MUM-003,60.0,['NEAR_EXPIRY'],HIGH
PRD-0024,NGP-001,60.0,['NEAR_EXPIRY'],HIGH
PRD-0024,PUN-001,60.0,['NEAR_EXPIRY'],HIGH
PRD-0024,PUN-002,97.5,"['LOW_STOCK', 'NEAR_EXPIRY']",HIGH
PRD-0025,AHM-001,60.0,['NEAR_EXPIRY'],HIGH
PRD-0025,AHM-002,60.0,['NEAR_EXPIRY'],HIGH
PRD-0025,BLR-001,97.5,"['LOW_STOCK', 'NEAR_EXPIRY']",HIGH
PRD-0025,BLR-002,97.5,"['LOW_STOCK', 'NEAR_EXPIRY']",HIGH
PRD-0025,CHE-001,97.5,"['LOW_STOCK', 'NEAR_EXPIRY']",HIGH
PRD-0025,CHE-002,97.5,"['LOW_STOCK', 'NEAR_EXPIRY']",HIGH
PRD-0025,DEL-001,60.0,['NEAR_EXPIRY'],HIGH
PRD-0025,DEL-002,97.5,"['LOW_STOCK', 'NEAR_EXPIRY']",HIGH
PRD-0025,HYD-001,60.0,['NEAR_EXPIRY'],HIGH
PRD-0025,HYD-002,60.0,['NEAR_EXPIRY'],HIGH
PRD-0025,JAI-001,60.0,['NEAR_EXPIRY'],HIGH
PRD-0025,KOL-001,60.0,['NEAR_EXPIRY'],HIGH
PRD-0025,KOL-002,70.0,"['OVERSTOCK', 'NEAR_EXPIRY']",HIGH
PRD-0025,LUC-001,60.0,['NEAR_EXPIRY'],HIGH
PRD-0025,MUM-001,97.5,"['LOW_STOCK', 'NEAR_EXPIRY']",HIGH
PRD-0025,MUM-002,60.0,['NEAR_EXPIRY'],HIGH
PRD-0025,MUM-003,60.0,['NEAR_EXPIRY'],HIGH
PRD-0025,NGP-001,60.0,['NEAR_EXPIRY'],HIGH
PRD-0025,PUN-001,60.0,['NEAR_EXPIRY'],HIGH
PRD-0025,PUN-002,60.0,['NEAR_EXPIRY'],HIGH
PRD-0026,AHM-001,60.0,['NEAR_EXPIRY'],HIGH
PRD-0026,AHM-002,60.0,['NEAR_EXPIRY'],HIGH
PRD-0026,BLR-001,97.5,"['LOW_STOCK', 'NEAR_EXPIRY']",HIGH
PRD-0026,BLR-002,97.5,"['LOW_STOCK', 'NEAR_EXPIRY']",HIGH
PRD-0026,CHE-001,97.5,"['LOW_STOCK', 'NEAR_EXPIRY']",HIGH
PRD-0026,CHE-002,60.0,['NEAR_EXPIRY'],HIGH
PRD-0026,DEL-001,60.0,['NEAR_EXPIRY'],HIGH
PRD-0026,DEL-002,70.0,"['OVERSTOCK', 'NEAR_EXPIRY']",HIGH
PRD-0026,HYD-001,60.0,['NEAR_EXPIRY'],HIGH
PRD-0026,HYD-002,70.0,"['OVERSTOCK', 'NEAR_EXPIRY']",HIGH
PRD-0026,JAI-001,100.0,"['LOW_STOCK', 'OVERSTOCK', 'NEAR_EXPIRY']",HIGH
PRD-0026,KOL-001,60.0,['NEAR_EXPIRY'],HIGH
PRD-0026,KOL-002,97.5,"['LOW_STOCK', 'NEAR_EXPIRY']",HIGH
PRD-0026,LUC-001,70.0,"['OVERSTOCK', 'NEAR_EXPIRY']",HIGH
PRD-0026,MUM-001,97.5,"['LOW_STOCK', 'NEAR_EXPIRY']",HIGH
PRD-0026,MUM-002,60.0,['NEAR_EXPIRY'],HIGH
PRD-0026,MUM-003,60.0,['NEAR_EXPIRY'],HIGH
PRD-0026,NGP-001,97.5,"['LOW_STOCK', 'NEAR_EXPIRY']",HIGH
PRD-0026,PUN-001,60.0,['NEAR_EXPIRY'],HIGH
PRD-0026,PUN-002,60.0,['NEAR_EXPIRY'],HIGH
PRD-0027,AHM-001,60.0,['NEAR_EXPIRY'],HIGH
PRD-0027,AHM-002,100.0,"['OVERSTOCK', 'HIGH_RETURNS', 'NEAR_EXPIRY']",HIGH
PRD-0027,BLR-001,97.5,"['LOW_STOCK', 'NEAR_EXPIRY']",HIGH
PRD-0027,BLR-002,97.5,"['LOW_STOCK', 'NEAR_EXPIRY']",HIGH
PRD-0027,CHE-001,60.0,['NEAR_EXPIRY'],HIGH
PRD-0027,CHE-002,60.0,['NEAR_EXPIRY'],HIGH
PRD-0027,DEL-001,60.0,['NEAR_EXPIRY'],HIGH
PRD-0027,DEL-002,60.0,['NEAR_EXPIRY'],HIGH
PRD-0027,HYD-001,60.0,['NEAR_EXPIRY'],HIGH
PRD-0027,HYD-002,60.0,['NEAR_EXPIRY'],HIGH
PRD-0027,JAI-001,70.0,"['OVERSTOCK', 'NEAR_EXPIRY']",HIGH
PRD-0027,KOL-001,60.0,['NEAR_EXPIRY'],HIGH
PRD-0027,KOL-002,60.0,['NEAR_EXPIRY'],HIGH
PRD-0027,LUC-001,70.0,"['OVERSTOCK', 'NEAR_EXPIRY']",HIGH
PRD-0027,MUM-001,60.0,['NEAR_EXPIRY'],HIGH
PRD-0027,MUM-002,60.0,['NEAR_EXPIRY'],HIGH
PRD-0027,MUM-003,60.0,['NEAR_EXPIRY'],HIGH
PRD-0027,NGP-001,60.0,['NEAR_EXPIRY'],HIGH
PRD-0027,PUN-001,60.0,['NEAR_EXPIRY'],HIGH
PRD-0027,PUN-002,60.0,['NEAR_EXPIRY'],HIGH
PRD-0028,AHM-001,60.0,['NEAR_EXPIRY'],HIGH
PRD-0028,AHM-002,97.5,"['LOW_STOCK', 'NEAR_EXPIRY']",HIGH
PRD-0028,BLR-001,60.0,['NEAR_EXPIRY'],HIGH
PRD-0028,BLR-002,60.0,['NEAR_EXPIRY'],HIGH
PRD-0028,CHE-001,70.0,"['OVERSTOCK', 'NEAR_EXPIRY']",HIGH
PRD-0028,CHE-002,60.0,['NEAR_EXPIRY'],HIGH
PRD-0028,DEL-001,60.0,['NEAR_EXPIRY'],HIGH
PRD-0028,DEL-002,60.0,['NEAR_EXPIRY'],HIGH
PRD-0028,HYD-001,97.5,"['LOW_STOCK', 'NEAR_EXPIRY']",HIGH
PRD-0028,HYD-002,60.0,['NEAR_EXPIRY'],HIGH
PRD-0028,JAI-001,70.0,"['OVERSTOCK', 'NEAR_EXPIRY']",HIGH
PRD-0028,KOL-001,60.0,['NEAR_EXPIRY'],HIGH
PRD-0028,KOL-002,60.0,['NEAR_EXPIRY'],HIGH
PRD-0028,LUC-001,97.5,"['LOW_STOCK', 'NEAR_EXPIRY']",HIGH
PRD-0028,MUM-001,60.0,['NEAR_EXPIRY'],HIGH
PRD-0028,MUM-002,60.0,['NEAR_EXPIRY'],HIGH
PRD-0028,MUM-003,60.0,['NEAR_EXPIRY'],HIGH
PRD-0028,NGP-001,70.0,"['OVERSTOCK', 'NEAR_EXPIRY']",HIGH
PRD-0028,PUN-001,60.0,['NEAR_EXPIRY'],HIGH
PRD-0028,PUN-002,70.0,"['OVERSTOCK', 'NEAR_EXPIRY']",HIGH
PRD-0029,AHM-001,60.0,['NEAR_EXPIRY'],HIGH
PRD-0029,AHM-002,60.0,['NEAR_EXPIRY'],HIGH
PRD-0029,BLR-001,60.0,['NEAR_EXPIRY'],HIGH
PRD-0029,BLR-002,60.0,['NEAR_EXPIRY'],HIGH
PRD-0029,CHE-001,60.0,['NEAR_EXPIRY'],HIGH
PRD-0029,CHE-002,70.0,"['OVERSTOCK', 'NEAR_EXPIRY']",HIGH
PRD-0029,DEL-001,70.0,"['OVERSTOCK', 'NEAR_EXPIRY']",HIGH
PRD-0029,DEL-002,97.5,"['LOW_STOCK', 'NEAR_EXPIRY']",HIGH
PRD-0029,HYD-001,70.0,"['OVERSTOCK', 'NEAR_EXPIRY']",HIGH
PRD-0029,HYD-002,60.0,['NEAR_EXPIRY'],HIGH
PRD-0029,JAI-001,60.0,['NEAR_EXPIRY'],HIGH
PRD-0029,KOL-001,60.0,['NEAR_EXPIRY'],HIGH
PRD-0029,KOL-002,60.0,['NEAR_EXPIRY'],HIGH
PRD-0029,LUC-001,60.0,['NEAR_EXPIRY'],HIGH
PRD-0029,MUM-001,60.0,['NEAR_EXPIRY'],HIGH
PRD-0029,MUM-002,60.0,['NEAR_EXPIRY'],HIGH
PRD-0029,MUM-003,60.0,['NEAR_EXPIRY'],HIGH
PRD-0029,NGP-001,60.0,['NEAR_EXPIRY'],HIGH
PRD-0029,PUN-001,70.0,"['OVERSTOCK', 'NEAR_EXPIRY']",HIGH
PRD-0029,PUN-002,60.0,['NEAR_EXPIRY'],HIGH
PRD-0030,AHM-001,60.0,['NEAR_EXPIRY'],HIGH
PRD-0030,AHM-002,60.0,['NEAR_EXPIRY'],HIGH
PRD-0030,BLR-001,97.5,"['LOW_STOCK', 'NEAR_EXPIRY']",HIGH
PRD-0030,BLR-002,60.0,['NEAR_EXPIRY'],HIGH
PRD-0030,CHE-001,60.0,['NEAR_EXPIRY'],HIGH
PRD-0030,CHE-002,60.0,['NEAR_EXPIRY'],HIGH
PRD-0030,DEL-001,60.0,['NEAR_EXPIRY'],HIGH
PRD-0030,DEL-002,97.5,"['LOW_STOCK', 'NEAR_EXPIRY']",HIGH
PRD-0030,HYD-001,60.0,['NEAR_EXPIRY'],HIGH
PRD-0030,HYD-002,60.0,['NEAR_EXPIRY'],HIGH
PRD-0030,JAI-001,60.0,['NEAR_EXPIRY'],HIGH
PRD-0030,KOL-001,60.0,['NEAR_EXPIRY'],HIGH
PRD-0030,KOL-002,70.0,"['OVERSTOCK', 'NEAR_EXPIRY']",HIGH
PRD-0030,LUC-001,97.5,"['LOW_STOCK', 'NEAR_EXPIRY']",HIGH
PRD-0030,MUM-001,60.0,['NEAR_EXPIRY'],HIGH
PRD-0030,MUM-002,97.5,"['LOW_STOCK', 'NEAR_EXPIRY']",HIGH
PRD-0030,MUM-003,60.0,['NEAR_EXPIRY'],HIGH
PRD-0030,NGP-001,60.0,['NEAR_EXPIRY'],HIGH
PRD-0030,PUN-001,70.0,"['OVERSTOCK', 'NEAR_EXPIRY']",HIGH
PRD-0030,PUN-002,60.0,['NEAR_EXPIRY'],HIGH
PRD-0031,AHM-001,60.0,['NEAR_EXPIRY'],HIGH
PRD-0031,AHM-002,60.0,['NEAR_EXPIRY'],HIGH
PRD-0031,BLR-001,60.0,['NEAR_EXPIRY'],HIGH
PRD-0031,BLR-002,60.0,['NEAR_EXPIRY'],HIGH
PRD-0031,CHE-001,60.0,['NEAR_EXPIRY'],HIGH
PRD-0031,CHE-002,60.0,['NEAR_EXPIRY'],HIGH
PRD-0031,DEL-001,60.0,['NEAR_EXPIRY'],HIGH
PRD-0031,DEL-002,60.0,['NEAR_EXPIRY'],HIGH
PRD-0031,HYD-001,97.5,"['LOW_STOCK', 'NEAR_EXPIRY']",HIGH
PRD-0031,HYD-002,97.5,"['LOW_STOCK', 'NEAR_EXPIRY']",HIGH
PRD-0031,JAI-001,60.0,['NEAR_EXPIRY'],HIGH
PRD-0031,KOL-001,97.5,"['LOW_STOCK', 'NEAR_EXPIRY']",HIGH
PRD-0031,KOL-002,70.0,"['OVERSTOCK', 'NEAR_EXPIRY']",HIGH
PRD-0031,LUC-001,60.0,['NEAR_EXPIRY'],HIGH
PRD-0031,MUM-001,97.5,"['LOW_STOCK', 'NEAR_EXPIRY']",HIGH
PRD-0031,MUM-002,60.0,['NEAR_EXPIRY'],HIGH
PRD-0031,MUM-003,70.0,"['OVERSTOCK', 'NEAR_EXPIRY']",HIGH
PRD-0031,NGP-001,60.0,['NEAR_EXPIRY'],HIGH
PRD-0031,PUN-001,60.0,['NEAR_EXPIRY'],HIGH
PRD-0031,PUN-002,70.0,"['OVERSTOCK', 'NEAR_EXPIRY']",HIGH
PRD-0032,AHM-001,70.0,"['OVERSTOCK', 'NEAR_EXPIRY']",HIGH
PRD-0032,AHM-002,60.0,['NEAR_EXPIRY'],HIGH
PRD-0032,BLR-001,60.0,['NEAR_EXPIRY'],HIGH
PRD-0032,BLR-002,60.0,['NEAR_EXPIRY'],HIGH
PRD-0032,CHE-001,60.0,['NEAR_EXPIRY'],HIGH
PRD-0032,CHE-002,60.0,['NEAR_EXPIRY'],HIGH
PRD-0032,DEL-001,60.0,['NEAR_EXPIRY'],HIGH
PRD-0032,DEL-002,60.0,['NEAR_EXPIRY'],HIGH
PRD-0032,HYD-001,60.0,['NEAR_EXPIRY'],HIGH
PRD-0032,HYD-002,97.5,"['LOW_STOCK', 'NEAR_EXPIRY']",HIGH
PRD-0032,JAI-001,37.5,['LOW_STOCK'],HIGH
PRD-0032,KOL-001,97.5,"['LOW_STOCK', 'NEAR_EXPIRY']",HIGH
PRD-0032,KOL-002,60.0,['NEAR_EXPIRY'],HIGH
PRD-0032,MUM-001,60.0,['NEAR_EXPIRY'],HIGH
PRD-0032,MUM-002,60.0,['NEAR_EXPIRY'],HIGH
PRD-0032,NGP-001,10.0,['OVERSTOCK'],MEDIUM
PRD-0032,PUN-001,70.0,"['OVERSTOCK', 'NEAR_EXPIRY']",HIGH
PRD-0032,PUN-002,60.0,['NEAR_EXPIRY'],HIGH
PRD-0033,AHM-001,60.0,['NEAR_EXPIRY'],HIGH
PRD-0033,AHM-002,97.5,"['LOW_STOCK', 'NEAR_EXPIRY']",HIGH
PRD-0033,BLR-001,97.5,"['LOW_STOCK', 'NEAR_EXPIRY']",HIGH
PRD-0033,BLR-002,60.0,['NEAR_EXPIRY'],HIGH
PRD-0033,CHE-001,70.0,"['OVERSTOCK', 'NEAR_EXPIRY']",HIGH
PRD-0033,CHE-002,97.5,"['LOW_STOCK', 'NEAR_EXPIRY']",HIGH
PRD-0033,DEL-001,60.0,['NEAR_EXPIRY'],HIGH
PRD-0033,DEL-002,60.0,['NEAR_EXPIRY'],HIGH
PRD-0033,HYD-001,60.0,['NEAR_EXPIRY'],HIGH
PRD-0033,HYD-002,60.0,['NEAR_EXPIRY'],HIGH
PRD-0033,JAI-001,60.0,['NEAR_EXPIRY'],HIGH
PRD-0033,KOL-001,70.0,"['OVERSTOCK', 'NEAR_EXPIRY']",HIGH
PRD-0033,KOL-002,60.0,['NEAR_EXPIRY'],HIGH
PRD-0033,LUC-001,60.0,['NEAR_EXPIRY'],HIGH
PRD-0033,MUM-001,60.0,['NEAR_EXPIRY'],HIGH
PRD-0033,MUM-002,60.0,['NEAR_EXPIRY'],HIGH
PRD-0033,MUM-003,70.0,"['OVERSTOCK', 'NEAR_EXPIRY']",HIGH
PRD-0033,NGP-001,60.0,['NEAR_EXPIRY'],HIGH
PRD-0033,PUN-001,60.0,['NEAR_EXPIRY'],HIGH
PRD-0033,PUN-002,60.0,['NEAR_EXPIRY'],HIGH
PRD-0034,AHM-001,97.5,"['LOW_STOCK', 'NEAR_EXPIRY']",HIGH
PRD-0034,AHM-002,60.0,['NEAR_EXPIRY'],HIGH
PRD-0034,BLR-001,60.0,['NEAR_EXPIRY'],HIGH
PRD-0034,BLR-002,60.0,['NEAR_EXPIRY'],HIGH
PRD-0034,CHE-001,60.0,['NEAR_EXPIRY'],HIGH
PRD-0034,CHE-002,60.0,['NEAR_EXPIRY'],HIGH
PRD-0034,DEL-001,60.0,['NEAR_EXPIRY'],HIGH
PRD-0034,DEL-002,60.0,['NEAR_EXPIRY'],HIGH
PRD-0034,HYD-001,60.0,['NEAR_EXPIRY'],HIGH
PRD-0034,HYD-002,60.0,['NEAR_EXPIRY'],HIGH
PRD-0034,JAI-001,60.0,['NEAR_EXPIRY'],HIGH
PRD-0034,KOL-001,97.5,"['LOW_STOCK', 'NEAR_EXPIRY']",HIGH
PRD-0034,KOL-002,60.0,['NEAR_EXPIRY'],HIGH
PRD-0034,LUC-001,60.0,['NEAR_EXPIRY'],HIGH
PRD-0034,MUM-001,60.0,['NEAR_EXPIRY'],HIGH
PRD-0034,MUM-002,60.0,['NEAR_EXPIRY'],HIGH
PRD-0034,MUM-003,60.0,['NEAR_EXPIRY'],HIGH
PRD-0034,NGP-001,70.0,"['OVERSTOCK', 'NEAR_EXPIRY']",HIGH
PRD-0034,PUN-001,60.0,['NEAR_EXPIRY'],HIGH
PRD-0034,PUN-002,70.0,"['OVERSTOCK', 'NEAR_EXPIRY']",HIGH
PRD-0035,AHM-001,60.0,['NEAR_EXPIRY'],HIGH
PRD-0035,AHM-002,60.0,['NEAR_EXPIRY'],HIGH
PRD-0035,BLR-001,60.0,['NEAR_EXPIRY'],HIGH
PRD-0035,BLR-002,60.0,['NEAR_EXPIRY'],HIGH
PRD-0035,CHE-001,97.5,"['LOW_STOCK', 'NEAR_EXPIRY']",HIGH
PRD-0035,CHE-002,60.0,['NEAR_EXPIRY'],HIGH
PRD-0035,DEL-001,60.0,['NEAR_EXPIRY'],HIGH
PRD-0035,DEL-002,70.0,"['OVERSTOCK', 'NEAR_EXPIRY']",HIGH
PRD-0035,HYD-001,60.0,['NEAR_EXPIRY'],HIGH
PRD-0035,HYD-002,60.0,['NEAR_EXPIRY'],HIGH
PRD-0035,JAI-001,60.0,['NEAR_EXPIRY'],HIGH
PRD-0035,KOL-001,97.5,"['LOW_STOCK', 'NEAR_EXPIRY']",HIGH
PRD-0035,KOL-002,60.0,['NEAR_EXPIRY'],HIGH
PRD-0035,LUC-001,60.0,['NEAR_EXPIRY'],HIGH
PRD-0035,MUM-001,70.0,"['OVERSTOCK', 'NEAR_EXPIRY']",HIGH
PRD-0035,MUM-002,60.0,['NEAR_EXPIRY'],HIGH
PRD-0035,MUM-003,60.0,['NEAR_EXPIRY'],HIGH
PRD-0035,NGP-001,60.0,['NEAR_EXPIRY'],HIGH
PRD-0035,PUN-001,60.0,['NEAR_EXPIRY'],HIGH
PRD-0035,PUN-002,60.0,['NEAR_EXPIRY'],HIGH
PRD-0036,AHM-001,70.0,"['OVERSTOCK', 'NEAR_EXPIRY']",HIGH
PRD-0036,AHM-002,60.0,['NEAR_EXPIRY'],HIGH
PRD-0036,BLR-001,97.5,"['LOW_STOCK', 'NEAR_EXPIRY']",HIGH
PRD-0036,BLR-002,60.0,['NEAR_EXPIRY'],HIGH
PRD-0036,CHE-001,60.0,['NEAR_EXPIRY'],HIGH
PRD-0036,CHE-002,60.0,['NEAR_EXPIRY'],HIGH
PRD-0036,DEL-001,60.0,['NEAR_EXPIRY'],HIGH
PRD-0036,DEL-002,60.0,['NEAR_EXPIRY'],HIGH
PRD-0036,HYD-001,60.0,['NEAR_EXPIRY'],HIGH
PRD-0036,HYD-002,97.5,"['LOW_STOCK', 'NEAR_EXPIRY']",HIGH
PRD-0036,JAI-001,60.0,['NEAR_EXPIRY'],HIGH
PRD-0036,KOL-001,60.0,['NEAR_EXPIRY'],HIGH
PRD-0036,KOL-002,60.0,['NEAR_EXPIRY'],HIGH
PRD-0036,LUC-001,60.0,['NEAR_EXPIRY'],HIGH
PRD-0036,MUM-001,60.0,['NEAR_EXPIRY'],HIGH
PRD-0036,MUM-002,60.0,['NEAR_EXPIRY'],HIGH
PRD-0036,MUM-003,70.0,"['OVERSTOCK', 'NEAR_EXPIRY']",HIGH
PRD-0036,NGP-001,70.0,"['OVERSTOCK', 'NEAR_EXPIRY']",HIGH
PRD-0036,PUN-001,60.0,['NEAR_EXPIRY'],HIGH
PRD-0036,PUN-002,70.0,"['OVERSTOCK', 'NEAR_EXPIRY']",HIGH
PRD-0037,AHM-001,60.0,['NEAR_EXPIRY'],HIGH
PRD-0037,AHM-002,70.0,"['OVERSTOCK', 'NEAR_EXPIRY']",HIGH
PRD-0037,BLR-001,60.0,['NEAR_EXPIRY'],HIGH
PRD-0037,BLR-002,60.0,['NEAR_EXPIRY'],HIGH
PRD-0037,CHE-001,60.0,['NEAR_EXPIRY'],HIGH
PRD-0037,CHE-002,70.0,"['OVERSTOCK', 'NEAR_EXPIRY']",HIGH
PRD-0037,DEL-001,60.0,['NEAR_EXPIRY'],HIGH
PRD-0037,DEL-002,60.0,['NEAR_EXPIRY'],HIGH
PRD-0037,HYD-001,97.5,"['LOW_STOCK', 'NEAR_EXPIRY']",HIGH
PRD-0037,HYD-002,60.0,['NEAR_EXPIRY'],HIGH
PRD-0037,JAI-001,60.0,['NEAR_EXPIRY'],HIGH
PRD-0037,KOL-001,60.0,['NEAR_EXPIRY'],HIGH
PRD-0037,KOL-002,60.0,['NEAR_EXPIRY'],HIGH
PRD-0037,LUC-001,60.0,['NEAR_EXPIRY'],HIGH
PRD-0037,MUM-001,60.0,['NEAR_EXPIRY'],HIGH
PRD-0037,MUM-002,60.0,['NEAR_EXPIRY'],HIGH
PRD-0037,MUM-003,60.0,['NEAR_EXPIRY'],HIGH
PRD-0037,NGP-001,97.5,"['LOW_STOCK', 'NEAR_EXPIRY']",HIGH
PRD-0037,PUN-001,60.0,['NEAR_EXPIRY'],HIGH
PRD-0037,PUN-002,60.0,['NEAR_EXPIRY'],HIGH
PRD-0038,AHM-001,60.0,['NEAR_EXPIRY'],HIGH
PRD-0038,AHM-002,60.0,['NEAR_EXPIRY'],HIGH
PRD-0038,BLR-001,97.5,"['LOW_STOCK', 'NEAR_EXPIRY']",HIGH
PRD-0038,BLR-002,60.0,['NEAR_EXPIRY'],HIGH
PRD-0038,CHE-001,60.0,['NEAR_EXPIRY'],HIGH
PRD-0038,CHE-002,60.0,['NEAR_EXPIRY'],HIGH
PRD-0038,DEL-001,97.5,"['LOW_STOCK', 'NEAR_EXPIRY']",HIGH
PRD-0038,DEL-002,60.0,['NEAR_EXPIRY'],HIGH
PRD-0038,HYD-001,60.0,['NEAR_EXPIRY'],HIGH
PRD-0038,HYD-002,60.0,['NEAR_EXPIRY'],HIGH
PRD-0038,JAI-001,60.0,['NEAR_EXPIRY'],HIGH
PRD-0038,KOL-001,70.0,"['OVERSTOCK', 'NEAR_EXPIRY']",HIGH
PRD-0038,KOL-002,60.0,['NEAR_EXPIRY'],HIGH
PRD-0038,LUC-001,60.0,['NEAR_EXPIRY'],HIGH
PRD-0038,MUM-001,60.0,['NEAR_EXPIRY'],HIGH
PRD-0038,MUM-002,60.0,['NEAR_EXPIRY'],HIGH
PRD-0038,MUM-003,60.0,['NEAR_EXPIRY'],HIGH
PRD-0038,NGP-001,97.5,"['LOW_STOCK', 'NEAR_EXPIRY']",HIGH
PRD-0038,PUN-001,60.0,['NEAR_EXPIRY'],HIGH
PRD-0038,PUN-002,60.0,['NEAR_EXPIRY'],HIGH
PRD-0039,AHM-001,97.5,"['LOW_STOCK', 'NEAR_EXPIRY']",HIGH
PRD-0039,AHM-002,60.0,['NEAR_EXPIRY'],HIGH
PRD-0039,BLR-001,60.0,['NEAR_EXPIRY'],HIGH
PRD-0039,BLR-002,60.0,['NEAR_EXPIRY'],HIGH
PRD-0039,CHE-001,60.0,['NEAR_EXPIRY'],HIGH
PRD-0039,CHE-002,60.0,['NEAR_EXPIRY'],HIGH
PRD-0039,DEL-001,60.0,['NEAR_EXPIRY'],HIGH
PRD-0039,DEL-002,60.0,['NEAR_EXPIRY'],HIGH
PRD-0039,HYD-001,60.0,['NEAR_EXPIRY'],HIGH
PRD-0039,HYD-002,60.0,['NEAR_EXPIRY'],HIGH
PRD-0039,JAI-001,60.0,['NEAR_EXPIRY'],HIGH
PRD-0039,KOL-001,97.5,"['LOW_STOCK', 'NEAR_EXPIRY']",HIGH
PRD-0039,KOL-002,60.0,['NEAR_EXPIRY'],HIGH
PRD-0039,LUC-001,70.0,"['OVERSTOCK', 'NEAR_EXPIRY']",HIGH
PRD-0039,MUM-001,60.0,['NEAR_EXPIRY'],HIGH
PRD-0039,MUM-002,60.0,['NEAR_EXPIRY'],HIGH
PRD-0039,MUM-003,60.0,['NEAR_EXPIRY'],HIGH
PRD-0039,NGP-001,70.0,"['OVERSTOCK', 'NEAR_EXPIRY']",HIGH
PRD-0039,PUN-001,97.5,"['LOW_STOCK', 'NEAR_EXPIRY']",HIGH
PRD-0039,PUN-002,60.0,['NEAR_EXPIRY'],HIGH
PRD-0040,AHM-001,60.0,['NEAR_EXPIRY'],HIGH
PRD-0040,AHM-002,60.0,['NEAR_EXPIRY'],HIGH
PRD-0040,BLR-001,60.0,['NEAR_EXPIRY'],HIGH
PRD-0040,BLR-002,60.0,['NEAR_EXPIRY'],HIGH
PRD-0040,CHE-001,60.0,['NEAR_EXPIRY'],HIGH
PRD-0040,CHE-002,60.0,['NEAR_EXPIRY'],HIGH
PRD-0040,DEL-001,60.0,['NEAR_EXPIRY'],HIGH
PRD-0040,DEL-002,60.0,['NEAR_EXPIRY'],HIGH
PRD-0040,HYD-001,60.0,['NEAR_EXPIRY'],HIGH
PRD-0040,HYD-002,60.0,['NEAR_EXPIRY'],HIGH
PRD-0040,JAI-001,60.0,['NEAR_EXPIRY'],HIGH
PRD-0040,KOL-001,60.0,['NEAR_EXPIRY'],HIGH
PRD-0040,KOL-002,60.0,['NEAR_EXPIRY'],HIGH
PRD-0040,LUC-001,60.0,['NEAR_EXPIRY'],HIGH
PRD-0040,MUM-001,60.0,['NEAR_EXPIRY'],HIGH
PRD-0040,MUM-002,97.5,"['LOW_STOCK', 'NEAR_EXPIRY']",HIGH
PRD-0040,MUM-003,60.0,['NEAR_EXPIRY'],HIGH
PRD-0040,NGP-001,70.0,"['OVERSTOCK', 'NEAR_EXPIRY']",HIGH
PRD-0040,PUN-001,60.0,['NEAR_EXPIRY'],HIGH
PRD-0040,PUN-002,97.5,"['LOW_STOCK', 'NEAR_EXPIRY']",HIGH
PRD-0041,AHM-001,60.0,['NEAR_EXPIRY'],HIGH
PRD-0041,AHM-002,60.0,['NEAR_EXPIRY'],HIGH
PRD-0041,BLR-001,60.0,['NEAR_EXPIRY'],HIGH
PRD-0041,BLR-002,60.0,['NEAR_EXPIRY'],HIGH
PRD-0041,CHE-001,60.0,['NEAR_EXPIRY'],HIGH
PRD-0041,CHE-002,60.0,['NEAR_EXPIRY'],HIGH
PRD-0041,DEL-001,97.5,"['LOW_STOCK', 'NEAR_EXPIRY']",HIGH
PRD-0041,DEL-002,70.0,"['OVERSTOCK', 'NEAR_EXPIRY']",HIGH
PRD-0041,HYD-001,70.0,"['OVERSTOCK', 'NEAR_EXPIRY']",HIGH
PRD-0041,HYD-002,97.5,"['LOW_STOCK', 'NEAR_EXPIRY']",HIGH
PRD-0041,JAI-001,60.0,['NEAR_EXPIRY'],HIGH
PRD-0041,KOL-001,60.0,['NEAR_EXPIRY'],HIGH
PRD-0041,KOL-002,60.0,['NEAR_EXPIRY'],HIGH
PRD-0041,LUC-001,60.0,['NEAR_EXPIRY'],HIGH
PRD-0041,MUM-001,60.0,['NEAR_EXPIRY'],HIGH
PRD-0041,MUM-002,60.0,['NEAR_EXPIRY'],HIGH
PRD-0041,MUM-003,60.0,['NEAR_EXPIRY'],HIGH
PRD-0041,NGP-001,60.0,['NEAR_EXPIRY'],HIGH
PRD-0041,PUN-001,70.0,"['OVERSTOCK', 'NEAR_EXPIRY']",HIGH
PRD-0041,PUN-002,60.0,['NEAR_EXPIRY'],HIGH
PRD-0042,AHM-001,60.0,['NEAR_EXPIRY'],HIGH
PRD-0042,AHM-002,60.0,['NEAR_EXPIRY'],HIGH
PRD-0042,BLR-001,97.5,"['LOW_STOCK', 'NEAR_EXPIRY']",HIGH
PRD-0042,BLR-002,60.0,['NEAR_EXPIRY'],HIGH
PRD-0042,CHE-001,70.0,"['OVERSTOCK', 'NEAR_EXPIRY']",HIGH
PRD-0042,CHE-002,60.0,['NEAR_EXPIRY'],HIGH
PRD-0042,DEL-001,60.0,['NEAR_EXPIRY'],HIGH
PRD-0042,DEL-002,60.0,['NEAR_EXPIRY'],HIGH
PRD-0042,HYD-001,60.0,['NEAR_EXPIRY'],HIGH
PRD-0042,HYD-002,60.0,['NEAR_EXPIRY'],HIGH
PRD-0042,JAI-001,60.0,['NEAR_EXPIRY'],HIGH
PRD-0042,KOL-001,60.0,['NEAR_EXPIRY'],HIGH
PRD-0042,KOL-002,60.0,['NEAR_EXPIRY'],HIGH
PRD-0042,LUC-001,60.0,['NEAR_EXPIRY'],HIGH
PRD-0042,MUM-001,97.5,"['LOW_STOCK', 'NEAR_EXPIRY']",HIGH
PRD-0042,MUM-002,60.0,['NEAR_EXPIRY'],HIGH
PRD-0042,MUM-003,60.0,['NEAR_EXPIRY'],HIGH
PRD-0042,NGP-001,97.5,"['LOW_STOCK', 'NEAR_EXPIRY']",HIGH
PRD-0042,PUN-001,60.0,['NEAR_EXPIRY'],HIGH
PRD-0042,PUN-002,60.0,['NEAR_EXPIRY'],HIGH
PRD-0043,AHM-001,60.0,['NEAR_EXPIRY'],HIGH
PRD-0043,AHM-002,60.0,['NEAR_EXPIRY'],HIGH
PRD-0043,BLR-001,60.0,['NEAR_EXPIRY'],HIGH
PRD-0043,BLR-002,60.0,['NEAR_EXPIRY'],HIGH
PRD-0043,CHE-001,70.0,"['OVERSTOCK', 'NEAR_EXPIRY']",HIGH
PRD-0043,CHE-002,60.0,['NEAR_EXPIRY'],HIGH
PRD-0043,DEL-001,60.0,['NEAR_EXPIRY'],HIGH
PRD-0043,DEL-002,60.0,['NEAR_EXPIRY'],HIGH
PRD-0043,HYD-001,60.0,['NEAR_EXPIRY'],HIGH
PRD-0043,HYD-002,97.5,"['LOW_STOCK', 'NEAR_EXPIRY']",HIGH
PRD-0043,JAI-001,70.0,"['OVERSTOCK', 'NEAR_EXPIRY']",HIGH
PRD-0043,KOL-001,60.0,['NEAR_EXPIRY'],HIGH
PRD-0043,KOL-002,60.0,['NEAR_EXPIRY'],HIGH
PRD-0043,LUC-001,60.0,['NEAR_EXPIRY'],HIGH
PRD-0043,MUM-001,97.5,"['LOW_STOCK', 'NEAR_EXPIRY']",HIGH
PRD-0043,MUM-002,97.5,"['LOW_STOCK', 'NEAR_EXPIRY']",HIGH
PRD-0043,MUM-003,60.0,['NEAR_EXPIRY'],HIGH
PRD-0043,NGP-001,60.0,['NEAR_EXPIRY'],HIGH
PRD-0043,PUN-001,60.0,['NEAR_EXPIRY'],HIGH
PRD-0043,PUN-002,60.0,['NEAR_EXPIRY'],HIGH
PRD-0044,AHM-001,60.0,['NEAR_EXPIRY'],HIGH
PRD-0044,AHM-002,60.0,['NEAR_EXPIRY'],HIGH
PRD-0044,BLR-001,97.5,"['LOW_STOCK', 'NEAR_EXPIRY']",HIGH
PRD-0044,BLR-002,60.0,['NEAR_EXPIRY'],HIGH
PRD-0044,CHE-001,60.0,['NEAR_EXPIRY'],HIGH
PRD-0044,CHE-002,60.0,['NEAR_EXPIRY'],HIGH
PRD-0044,DEL-001,97.5,"['LOW_STOCK', 'NEAR_EXPIRY']",HIGH
PRD-0044,DEL-002,60.0,['NEAR_EXPIRY'],HIGH
PRD-0044,HYD-001,60.0,['NEAR_EXPIRY'],HIGH
PRD-0044,HYD-002,60.0,['NEAR_EXPIRY'],HIGH
PRD-0044,JAI-001,60.0,['NEAR_EXPIRY'],HIGH
PRD-0044,KOL-001,60.0,['NEAR_EXPIRY'],HIGH
PRD-0044,KOL-002,60.0,['NEAR_EXPIRY'],HIGH
PRD-0044,LUC-001,70.0,"['OVERSTOCK', 'NEAR_EXPIRY']",HIGH
PRD-0044,MUM-001,60.0,['NEAR_EXPIRY'],HIGH
PRD-0044,MUM-002,60.0,['NEAR_EXPIRY'],HIGH
PRD-0044,MUM-003,60.0,['NEAR_EXPIRY'],HIGH
PRD-0044,NGP-001,60.0,['NEAR_EXPIRY'],HIGH
PRD-0044,PUN-001,97.5,"['LOW_STOCK', 'NEAR_EXPIRY']",HIGH
PRD-0044,PUN-002,60.0,['NEAR_EXPIRY'],HIGH
PRD-0045,AHM-001,60.0,['NEAR_EXPIRY'],HIGH
PRD-0045,BLR-001,10.0,['OVERSTOCK'],MEDIUM
PRD-0045,BLR-002,37.5,['LOW_STOCK'],HIGH
PRD-0045,DEL-001,60.0,['NEAR_EXPIRY'],HIGH
PRD-0045,JAI-001,60.0,['NEAR_EXPIRY'],HIGH
PRD-0045,LUC-001,97.5,"['LOW_STOCK', 'NEAR_EXPIRY']",HIGH
PRD-0045,MUM-002,60.0,['NEAR_EXPIRY'],HIGH
PRD-0045,NGP-001,37.5,['LOW_STOCK'],HIGH
PRD-0045,PUN-001,37.5,['LOW_STOCK'],HIGH
PRD-0046,AHM-001,60.0,['NEAR_EXPIRY'],HIGH
PRD-0046,AHM-002,97.5,"['LOW_STOCK', 'NEAR_EXPIRY']",HIGH
PRD-0046,CHE-002,100.0,"['HIGH_RETURNS', 'NEAR_EXPIRY']",HIGH
PRD-0046,HYD-001,70.0,"['OVERSTOCK', 'NEAR_EXPIRY']",HIGH
PRD-0046,HYD-002,37.5,['LOW_STOCK'],HIGH
PRD-0046,JAI-001,70.0,"['OVERSTOCK', 'NEAR_EXPIRY']",HIGH
PRD-0046,MUM-001,60.0,['NEAR_EXPIRY'],HIGH
PRD-0046,MUM-003,100.0,"['HIGH_RETURNS', 'NEAR_EXPIRY']",HIGH
PRD-0046,NGP-001,70.0,"['OVERSTOCK', 'NEAR_EXPIRY']",HIGH
PRD-0046,PUN-001,10.0,['OVERSTOCK'],MEDIUM
PRD-0047,AHM-001,10.0,['OVERSTOCK'],MEDIUM
PRD-0047,AHM-002,70.0,"['OVERSTOCK', 'NEAR_EXPIRY']",HIGH
PRD-0047,BLR-001,60.0,['NEAR_EXPIRY'],HIGH
PRD-0047,DEL-002,97.5,"['LOW_STOCK', 'NEAR_EXPIRY']",HIGH
PRD-0047,HYD-001,97.5,"['LOW_STOCK', 'NEAR_EXPIRY']",HIGH
PRD-0047,JAI-001,10.0,['OVERSTOCK'],MEDIUM
PRD-0047,KOL-001,37.5,['LOW_STOCK'],HIGH
PRD-0047,KOL-002,60.0,['NEAR_EXPIRY'],HIGH
PRD-0047,LUC-001,37.5,['LOW_STOCK'],HIGH
PRD-0047,MUM-001,10.0,['OVERSTOCK'],MEDIUM
PRD-0047,MUM-003,60.0,['NEAR_EXPIRY'],HIGH
PRD-0047,NGP-001,37.5,['LOW_STOCK'],HIGH
PRD-0048,HYD-001,37.5,['LOW_STOCK'],HIGH
PRD-0048,HYD-002,10.0,['OVERSTOCK'],MEDIUM
PRD-0048,KOL-001,10.0,['OVERSTOCK'],MEDIUM
PRD-0048,PUN-002,10.0,['OVERSTOCK'],MEDIUM
PRD-0049,AHM-002,37.5,['LOW_STOCK'],HIGH
PRD-0049,BLR-002,60.0,['NEAR_EXPIRY'],HIGH
PRD-0049,DEL-002,52.5,['HIGH_RETURNS'],HIGH
PRD-0049,HYD-002,10.0,['OVERSTOCK'],MEDIUM
PRD-0049,KOL-001,10.0,['OVERSTOCK'],MEDIUM
PRD-0049,LUC-001,62.5,"['OVERSTOCK', 'HIGH_RETURNS']",HIGH
PRD-0049,MUM-003,60.0,['NEAR_EXPIRY'],HIGH
PRD-0050,AHM-001,10.0,['OVERSTOCK'],MEDIUM
PRD-0050,AHM-002,10.0,['OVERSTOCK'],MEDIUM
PRD-0050,JAI-001,37.5,['LOW_STOCK'],HIGH
PRD-0050,KOL-002,60.0,['NEAR_EXPIRY'],HIGH
PRD-0050,NGP-001,10.0,['OVERSTOCK'],MEDIUM
PRD-0050,PUN-001,37.5,['LOW_STOCK'],HIGH
PRD-0051,BLR-001,60.0,['NEAR_EXPIRY'],HIGH
PRD-0051,CHE-001,37.5,['LOW_STOCK'],HIGH
PRD-0051,CHE-002,70.0,"['OVERSTOCK', 'NEAR_EXPIRY']",HIGH
PRD-0051,DEL-001,60.0,['NEAR_EXPIRY'],HIGH
PRD-0051,DEL-002,60.0,['NEAR_EXPIRY'],HIGH
PRD-0051,HYD-002,60.0,['NEAR_EXPIRY'],HIGH
PRD-0051,KOL-001,60.0,['NEAR_EXPIRY'],HIGH
PRD-0051,KOL-002,60.0,['NEAR_EXPIRY'],HIGH
PRD-0051,MUM-001,10.0,['OVERSTOCK'],MEDIUM
PRD-0051,MUM-002,37.5,['LOW_STOCK'],HIGH
PRD-0051,MUM-003,60.0,['NEAR_EXPIRY'],HIGH
PRD-0051,PUN-002,37.5,['LOW_STOCK'],HIGH
PRD-0052,AHM-001,10.0,['OVERSTOCK'],MEDIUM
PRD-0052,BLR-001,37.5,['LOW_STOCK'],HIGH
PRD-0052,CHE-001,62.5,"['OVERSTOCK', 'HIGH_RETURNS']",HIGH
PRD-0052,CHE-002,37.5,['LOW_STOCK'],HIGH
PRD-0052,HYD-002,10.0,['OVERSTOCK'],MEDIUM
PRD-0052,JAI-001,10.0,['OVERSTOCK'],MEDIUM
PRD-0052,KOL-001,37.5,['LOW_STOCK'],HIGH
PRD-0052,KOL-002,62.5,"['OVERSTOCK', 'HIGH_RETURNS']",HIGH
PRD-0052,LUC-001,10.0,['OVERSTOCK'],MEDIUM
PRD-0052,NGP-001,37.5,['LOW_STOCK'],HIGH
PRD-0052,PUN-001,37.5,['LOW_STOCK'],HIGH
PRD-0053,AHM-002,10.0,['OVERSTOCK'],MEDIUM
PRD-0053,BLR-001,10.0,['OVERSTOCK'],MEDIUM
PRD-0053,DEL-002,37.5,['LOW_STOCK'],HIGH
PRD-0053,HYD-001,37.5,['LOW_STOCK'],HIGH
PRD-0053,JAI-001,37.5,['LOW_STOCK'],HIGH
PRD-0053,KOL-001,37.5,['LOW_STOCK'],HIGH
PRD-0053,KOL-002,10.0,['OVERSTOCK'],MEDIUM
PRD-0053,MUM-001,10.0,['OVERSTOCK'],MEDIUM
PRD-0053,PUN-001,37.5,['LOW_STOCK'],HIGH
PRD-0054,AHM-002,37.5,['LOW_STOCK'],HIGH
PRD-0054,CHE-002,52.5,['HIGH_RETURNS'],HIGH
PRD-0054,DEL-001,37.5,['LOW_STOCK'],HIGH
PRD-0054,DEL-002,10.0,['OVERSTOCK'],MEDIUM
PRD-0054,HYD-001,37.5,['LOW_STOCK'],HIGH
PRD-0054,KOL-001,10.0,['OVERSTOCK'],MEDIUM
PRD-0054,KOL-002,37.5,['LOW_STOCK'],HIGH
PRD-0054,PUN-001,90.0,"['LOW_STOCK', 'HIGH_RETURNS']",HIGH
PRD-0055,CHE-001,37.5,['LOW_STOCK'],HIGH
PRD-0055,DEL-002,100.0,"['HIGH_RETURNS', 'NEAR_EXPIRY']",HIGH
PRD-0055,HYD-002,60.0,['NEAR_EXPIRY'],HIGH
PRD-0055,KOL-001,70.0,"['OVERSTOCK', 'NEAR_EXPIRY']",HIGH
PRD-0055,KOL-002,52.5,['HIGH_RETURNS'],HIGH
PRD-0055,MUM-003,60.0,['NEAR_EXPIRY'],HIGH
PRD-0055,NGP-001,10.0,['OVERSTOCK'],MEDIUM
PRD-0055,PUN-001,37.5,['LOW_STOCK'],HIGH
PRD-0056,CHE-002,60.0,['NEAR_EXPIRY'],HIGH
PRD-0056,DEL-002,60.0,['NEAR_EXPIRY'],HIGH
PRD-0056,JAI-001,37.5,['LOW_STOCK'],HIGH
PRD-0056,KOL-002,37.5,['LOW_STOCK'],HIGH
PRD-0056,LUC-001,10.0,['OVERSTOCK'],MEDIUM
PRD-0056,MUM-002,97.5,"['LOW_STOCK', 'NEAR_EXPIRY']",HIGH
PRD-0056,MUM-003,10.0,['OVERSTOCK'],MEDIUM
PRD-0056,PUN-001,52.5,['HIGH_RETURNS'],HIGH
PRD-0056,PUN-002,100.0,"['HIGH_RETURNS', 'NEAR_EXPIRY']",HIGH
PRD-0057,AHM-002,60.0,['NEAR_EXPIRY'],HIGH
PRD-0057,HYD-001,60.0,['NEAR_EXPIRY'],HIGH
PRD-0057,HYD-002,100.0,"['HIGH_RETURNS', 'NEAR_EXPIRY']",HIGH
PRD-0057,JAI-001,52.5,['HIGH_RETURNS'],HIGH
PRD-0057,LUC-001,90.0,"['LOW_STOCK', 'HIGH_RETURNS']",HIGH
PRD-0057,MUM-002,60.0,['NEAR_EXPIRY'],HIGH
PRD-0057,NGP-001,90.0,"['LOW_STOCK', 'HIGH_RETURNS']",HIGH
PRD-0057,PUN-002,10.0,['OVERSTOCK'],MEDIUM
PRD-0058,AHM-001,37.5,['LOW_STOCK'],HIGH
PRD-0058,BLR-002,62.5,"['OVERSTOCK', 'HIGH_RETURNS']",HIGH
PRD-0058,KOL-001,10.0,['OVERSTOCK'],MEDIUM
PRD-0058,NGP-001,10.0,['OVERSTOCK'],MEDIUM
PRD-0058,PUN-002,52.5,['HIGH_RETURNS'],HIGH
PRD-0059,AHM-002,62.5,"['OVERSTOCK', 'HIGH_RETURNS']",HIGH
PRD-0059,BLR-001,37.5,['LOW_STOCK'],HIGH
PRD-0059,BLR-002,60.0,['NEAR_EXPIRY'],HIGH
PRD-0059,CHE-002,60.0,['NEAR_EXPIRY'],HIGH
PRD-0059,DEL-001,60.0,['NEAR_EXPIRY'],HIGH
PRD-0059,HYD-001,60.0,['NEAR_EXPIRY'],HIGH
PRD-0059,JAI-001,37.5,['LOW_STOCK'],HIGH
PRD-0059,KOL-001,10.0,['OVERSTOCK'],MEDIUM
PRD-0059,LUC-001,60.0,['NEAR_EXPIRY'],HIGH
PRD-0059,MUM-002,37.5,['LOW_STOCK'],HIGH
PRD-0059,MUM-003,52.5,['HIGH_RETURNS'],HIGH
PRD-0059,NGP-001,62.5,"['OVERSTOCK', 'HIGH_RETURNS']",HIGH
PRD-0059,PUN-001,60.0,['NEAR_EXPIRY'],HIGH
PRD-0059,PUN-002,52.5,['HIGH_RETURNS'],HIGH
PRD-0060,AHM-001,10.0,['OVERSTOCK'],MEDIUM
PRD-0060,AHM-002,100.0,"['LOW_STOCK', 'HIGH_RETURNS', 'NEAR_EXPIRY']",HIGH
PRD-0060,CHE-002,52.5,['HIGH_RETURNS'],HIGH
PRD-0060,HYD-002,52.5,['HIGH_RETURNS'],HIGH
PRD-0060,LUC-001,10.0,['OVERSTOCK'],MEDIUM
PRD-0060,MUM-001,37.5,['LOW_STOCK'],HIGH
PRD-0060,MUM-002,37.5,['LOW_STOCK'],HIGH
PRD-0060,MUM-003,37.5,['LOW_STOCK'],HIGH
PRD-0060,NGP-001,62.5,"['OVERSTOCK', 'HIGH_RETURNS']",HIGH
PRD-0060,PUN-001,10.0,['OVERSTOCK'],MEDIUM
PRD-0060,PUN-002,37.5,['LOW_STOCK'],HIGH
PRD-0061,AHM-001,60.0,['NEAR_EXPIRY'],HIGH
PRD-0061,AHM-002,90.0,"['LOW_STOCK', 'HIGH_RETURNS']",HIGH
PRD-0061,BLR-002,37.5,['LOW_STOCK'],HIGH
PRD-0061,CHE-001,60.0,['NEAR_EXPIRY'],HIGH
PRD-0061,DEL-001,60.0,['NEAR_EXPIRY'],HIGH
PRD-0061,HYD-001,60.0,['NEAR_EXPIRY'],HIGH
PRD-0061,JAI-001,10.0,['OVERSTOCK'],MEDIUM
PRD-0061,LUC-001,70.0,"['OVERSTOCK', 'NEAR_EXPIRY']",HIGH
PRD-0061,MUM-001,60.0,['NEAR_EXPIRY'],HIGH
PRD-0061,MUM-002,10.0,['OVERSTOCK'],MEDIUM
PRD-0061,NGP-001,60.0,['NEAR_EXPIRY'],HIGH
PRD-0061,PUN-001,60.0,['NEAR_EXPIRY'],HIGH
PRD-0061,PUN-002,52.5,['HIGH_RETURNS'],HIGH
PRD-0062,BLR-002,52.5,['HIGH_RETURNS'],HIGH
PRD-0062,CHE-001,10.0,['OVERSTOCK'],MEDIUM
PRD-0062,MUM-003,60.0,['NEAR_EXPIRY'],HIGH
PRD-0062,NGP-001,52.5,['HIGH_RETURNS'],HIGH
PRD-0062,PUN-002,10.0,['OVERSTOCK'],MEDIUM
PRD-0063,AHM-002,52.5,['HIGH_RETURNS'],HIGH
PRD-0063,CHE-001,10.0,['OVERSTOCK'],MEDIUM
PRD-0063,KOL-001,37.5,['LOW_STOCK'],HIGH
PRD-0063,LUC-001,52.5,['HIGH_RETURNS'],HIGH
PRD-0063,MUM-003,52.5,['HIGH_RETURNS'],HIGH
PRD-0063,NGP-001,10.0,['OVERSTOCK'],MEDIUM
PRD-0064,AHM-001,10.0,['OVERSTOCK'],MEDIUM
PRD-0064,CHE-002,37.5,['LOW_STOCK'],HIGH
PRD-0064,DEL-001,37.5,['LOW_STOCK'],HIGH
PRD-0064,DEL-002,52.5,['HIGH_RETURNS'],HIGH
PRD-0064,HYD-001,37.5,['LOW_STOCK'],HIGH
PRD-0064,KOL-001,37.5,['LOW_STOCK'],HIGH
PRD-0064,NGP-001,10.0,['OVERSTOCK'],MEDIUM
PRD-0064,PUN-002,62.5,"['OVERSTOCK', 'HIGH_RETURNS']",HIGH
PRD-0065,AHM-001,52.5,['HIGH_RETURNS'],HIGH
PRD-0065,AHM-002,90.0,"['LOW_STOCK', 'HIGH_RETURNS']",HIGH
PRD-0065,BLR-001,10.0,['OVERSTOCK'],MEDIUM
PRD-0065,BLR-002,90.0,"['LOW_STOCK', 'HIGH_RETURNS']",HIGH
PRD-0065,CHE-001,62.5,"['OVERSTOCK', 'HIGH_RETURNS']",HIGH
PRD-0065,DEL-001,52.5,['HIGH_RETURNS'],HIGH
PRD-0065,DEL-002,52.5,['HIGH_RETURNS'],HIGH
PRD-0065,HYD-001,52.5,['HIGH_RETURNS'],HIGH
PRD-0065,HYD-002,52.5,['HIGH_RETURNS'],HIGH
PRD-0065,JAI-001,52.5,['HIGH_RETURNS'],HIGH
PRD-0065,KOL-001,52.5,['HIGH_RETURNS'],HIGH
PRD-0065,KOL-002,52.5,['HIGH_RETURNS'],HIGH
PRD-0065,LUC-001,90.0,"['LOW_STOCK', 'HIGH_RETURNS']",HIGH
PRD-0065,MUM-001,52.5,['HIGH_RETURNS'],HIGH
PRD-0065,MUM-002,52.5,['HIGH_RETURNS'],HIGH
PRD-0065,MUM-003,90.0,"['LOW_STOCK', 'HIGH_RETURNS']",HIGH
PRD-0065,NGP-001,52.5,['HIGH_RETURNS'],HIGH
PRD-0065,PUN-001,52.5,['HIGH_RETURNS'],HIGH
PRD-0065,PUN-002,52.5,['HIGH_RETURNS'],HIGH
PRD-0066,BLR-002,52.5,['HIGH_RETURNS'],HIGH
PRD-0066,CHE-001,52.5,['HIGH_RETURNS'],HIGH
PRD-0066,CHE-002,52.5,['HIGH_RETURNS'],HIGH
PRD-0066,DEL-001,52.5,['HIGH_RETURNS'],HIGH
PRD-0066,DEL-002,52.5,['HIGH_RETURNS'],HIGH
PRD-0066,HYD-002,52.5,['HIGH_RETURNS'],HIGH
PRD-0066,JAI-001,25.0,"['STAGNANT_SALES', 'OVERSTOCK']",MEDIUM
PRD-0066,KOL-001,62.5,"['OVERSTOCK', 'HIGH_RETURNS']",HIGH
PRD-0066,KOL-002,52.5,['HIGH_RETURNS'],HIGH
PRD-0066,LUC-001,52.5,['HIGH_RETURNS'],HIGH
PRD-0066,MUM-003,52.5,['HIGH_RETURNS'],HIGH
PRD-0066,NGP-001,52.5,['HIGH_RETURNS'],HIGH
PRD-0066,PUN-001,52.5,['HIGH_RETURNS'],HIGH
PRD-0066,PUN-002,52.5,['HIGH_RETURNS'],HIGH
PRD-0067,AHM-001,52.5,['HIGH_RETURNS'],HIGH
PRD-0067,AHM-002,52.5,['HIGH_RETURNS'],HIGH
PRD-0067,BLR-002,52.5,['HIGH_RETURNS'],HIGH
PRD-0067,CHE-001,52.5,['HIGH_RETURNS'],HIGH
PRD-0067,CHE-002,52.5,['HIGH_RETURNS'],HIGH
PRD-0067,DEL-002,52.5,['HIGH_RETURNS'],HIGH
PRD-0067,HYD-001,90.0,"['LOW_STOCK', 'HIGH_RETURNS']",HIGH
PRD-0067,HYD-002,90.0,"['LOW_STOCK', 'HIGH_RETURNS']",HIGH
PRD-0067,JAI-001,52.5,['HIGH_RETURNS'],HIGH
PRD-0067,KOL-001,52.5,['HIGH_RETURNS'],HIGH
PRD-0067,KOL-002,52.5,['HIGH_RETURNS'],HIGH
PRD-0067,LUC-001,52.5,['HIGH_RETURNS'],HIGH
PRD-0067,MUM-001,52.5,['HIGH_RETURNS'],HIGH
PRD-0067,MUM-002,90.0,"['LOW_STOCK', 'HIGH_RETURNS']",HIGH
PRD-0067,MUM-003,52.5,['HIGH_RETURNS'],HIGH
PRD-0067,NGP-001,52.5,['HIGH_RETURNS'],HIGH
PRD-0067,PUN-002,52.5,['HIGH_RETURNS'],HIGH
PRD-0068,AHM-001,90.0,"['LOW_STOCK', 'HIGH_RETURNS']",HIGH
PRD-0068,AHM-002,37.5,['LOW_STOCK'],HIGH
PRD-0068,BLR-001,52.5,['HIGH_RETURNS'],HIGH
PRD-0068,BLR-002,62.5,"['OVERSTOCK', 'HIGH_RETURNS']",HIGH
PRD-0068,CHE-001,52.5,['HIGH_RETURNS'],HIGH
PRD-0068,CHE-002,52.5,['HIGH_RETURNS'],HIGH
PRD-0068,DEL-001,90.0,"['LOW_STOCK', 'HIGH_RETURNS']",HIGH
PRD-0068,DEL-002,52.5,['HIGH_RETURNS'],HIGH
PRD-0068,HYD-001,52.5,['HIGH_RETURNS'],HIGH
PRD-0068,HYD-002,90.0,"['LOW_STOCK', 'HIGH_RETURNS']",HIGH
PRD-0068,KOL-001,52.5,['HIGH_RETURNS'],HIGH
PRD-0068,KOL-002,52.5,['HIGH_RETURNS'],HIGH
PRD-0068,LUC-001,90.0,"['LOW_STOCK', 'HIGH_RETURNS']",HIGH
PRD-0068,MUM-001,52.5,['HIGH_RETURNS'],HIGH
PRD-0068,MUM-002,52.5,['HIGH_RETURNS'],HIGH
PRD-0068,MUM-003,90.0,"['LOW_STOCK', 'HIGH_RETURNS']",HIGH
PRD-0068,NGP-001,37.5,['LOW_STOCK'],HIGH
PRD-0068,PUN-001,90.0,"['LOW_STOCK', 'HIGH_RETURNS']",HIGH
PRD-0068,PUN-002,52.5,['HIGH_RETURNS'],HIGH
PRD-0069,AHM-002,52.5,['HIGH_RETURNS'],HIGH
PRD-0069,BLR-002,52.5,['HIGH_RETURNS'],HIGH
PRD-0069,CHE-001,52.5,['HIGH_RETURNS'],HIGH
PRD-0069,CHE-002,52.5,['HIGH_RETURNS'],HIGH
PRD-0069,DEL-001,52.5,['HIGH_RETURNS'],HIGH
PRD-0069,DEL-002,52.5,['HIGH_RETURNS'],HIGH
PRD-0069,HYD-001,52.5,['HIGH_RETURNS'],HIGH
PRD-0069,HYD-002,52.5,['HIGH_RETURNS'],HIGH
PRD-0069,JAI-001,52.5,['HIGH_RETURNS'],HIGH
PRD-0069,KOL-001,52.5,['HIGH_RETURNS'],HIGH
PRD-0069,LUC-001,52.5,['HIGH_RETURNS'],HIGH
PRD-0069,MUM-002,52.5,['HIGH_RETURNS'],HIGH
PRD-0069,MUM-003,90.0,"['LOW_STOCK', 'HIGH_RETURNS']",HIGH
PRD-0069,NGP-001,52.5,['HIGH_RETURNS'],HIGH
PRD-0069,PUN-001,52.5,['HIGH_RETURNS'],HIGH
PRD-0070,AHM-002,25.0,"['STAGNANT_SALES', 'OVERSTOCK']",MEDIUM
PRD-0070,BLR-001,52.5,['HIGH_RETURNS'],HIGH
PRD-0070,BLR-002,52.5,['HIGH_RETURNS'],HIGH
PRD-0070,CHE-002,90.0,"['LOW_STOCK', 'HIGH_RETURNS']",HIGH
PRD-0070,DEL-001,52.5,['HIGH_RETURNS'],HIGH
PRD-0070,DEL-002,52.5,['HIGH_RETURNS'],HIGH
PRD-0070,HYD-001,52.5,['HIGH_RETURNS'],HIGH
PRD-0070,JAI-001,90.0,"['LOW_STOCK', 'HIGH_RETURNS']",HIGH
PRD-0070,KOL-001,52.5,['HIGH_RETURNS'],HIGH
PRD-0070,KOL-002,52.5,['HIGH_RETURNS'],HIGH
PRD-0070,LUC-001,52.5,['HIGH_RETURNS'],HIGH
PRD-0070,MUM-002,52.5,['HIGH_RETURNS'],HIGH
PRD-0070,MUM-003,52.5,['HIGH_RETURNS'],HIGH
PRD-0070,NGP-001,52.5,['HIGH_RETURNS'],HIGH
PRD-0070,PUN-001,52.5,['HIGH_RETURNS'],HIGH
PRD-0070,PUN-002,52.5,['HIGH_RETURNS'],HIGH
PRD-0071,AHM-002,52.5,['HIGH_RETURNS'],HIGH
PRD-0071,BLR-001,52.5,['HIGH_RETURNS'],HIGH
PRD-0071,BLR-002,52.5,['HIGH_RETURNS'],HIGH
PRD-0071,CHE-001,52.5,['HIGH_RETURNS'],HIGH
PRD-0071,CHE-002,62.5,"['OVERSTOCK', 'HIGH_RETURNS']",HIGH
PRD-0071,DEL-001,52.5,['HIGH_RETURNS'],HIGH
PRD-0071,DEL-002,52.5,['HIGH_RETURNS'],HIGH
PRD-0071,HYD-001,37.5,['LOW_STOCK'],HIGH
PRD-0071,HYD-002,25.0,"['STAGNANT_SALES', 'OVERSTOCK']",MEDIUM
PRD-0071,JAI-001,52.5,['HIGH_RETURNS'],HIGH
PRD-0071,KOL-001,52.5,['HIGH_RETURNS'],HIGH
PRD-0071,KOL-002,52.5,['HIGH_RETURNS'],HIGH
PRD-0071,LUC-001,52.5,['HIGH_RETURNS'],HIGH
PRD-0071,MUM-001,52.5,['HIGH_RETURNS'],HIGH
PRD-0071,MUM-002,90.0,"['LOW_STOCK', 'HIGH_RETURNS']",HIGH
PRD-0071,MUM-003,52.5,['HIGH_RETURNS'],HIGH
PRD-0071,NGP-001,52.5,['HIGH_RETURNS'],HIGH
PRD-0071,PUN-001,52.5,['HIGH_RETURNS'],HIGH
PRD-0071,PUN-002,52.5,['HIGH_RETURNS'],HIGH
PRD-0072,AHM-001,62.5,"['OVERSTOCK', 'HIGH_RETURNS']",HIGH
PRD-0072,AHM-002,52.5,['HIGH_RETURNS'],HIGH
PRD-0072,BLR-001,52.5,['HIGH_RETURNS'],HIGH
PRD-0072,BLR-002,10.0,['OVERSTOCK'],MEDIUM
PRD-0072,CHE-002,52.5,['HIGH_RETURNS'],HIGH
PRD-0072,DEL-001,52.5,['HIGH_RETURNS'],HIGH
PRD-0072,DEL-002,52.5,['HIGH_RETURNS'],HIGH
PRD-0072,HYD-001,52.5,['HIGH_RETURNS'],HIGH
PRD-0072,HYD-002,52.5,['HIGH_RETURNS'],HIGH
PRD-0072,JAI-001,52.5,['HIGH_RETURNS'],HIGH
PRD-0072,KOL-001,62.5,"['OVERSTOCK', 'HIGH_RETURNS']",HIGH
PRD-0072,LUC-001,52.5,['HIGH_RETURNS'],HIGH
PRD-0072,MUM-001,52.5,['HIGH_RETURNS'],HIGH
PRD-0072,MUM-003,52.5,['HIGH_RETURNS'],HIGH
PRD-0072,NGP-001,52.5,['HIGH_RETURNS'],HIGH
PRD-0072,PUN-001,52.5,['HIGH_RETURNS'],HIGH
PRD-0072,PUN-002,52.5,['HIGH_RETURNS'],HIGH
PRD-0073,AHM-001,90.0,"['LOW_STOCK', 'HIGH_RETURNS']",HIGH
PRD-0073,AHM-002,52.5,['HIGH_RETURNS'],HIGH
PRD-0073,BLR-001,52.5,['HIGH_RETURNS'],HIGH
PRD-0073,BLR-002,90.0,"['LOW_STOCK', 'HIGH_RETURNS']",HIGH
PRD-0073,CHE-001,52.5,['HIGH_RETURNS'],HIGH
PRD-0073,CHE-002,90.0,"['LOW_STOCK', 'HIGH_RETURNS']",HIGH
PRD-0073,DEL-001,52.5,['HIGH_RETURNS'],HIGH
PRD-0073,DEL-002,52.5,['HIGH_RETURNS'],HIGH
PRD-0073,HYD-001,52.5,['HIGH_RETURNS'],HIGH
PRD-0073,HYD-002,52.5,['HIGH_RETURNS'],HIGH
PRD-0073,JAI-001,52.5,['HIGH_RETURNS'],HIGH
PRD-0073,KOL-001,52.5,['HIGH_RETURNS'],HIGH
PRD-0073,KOL-002,52.5,['HIGH_RETURNS'],HIGH
PRD-0073,LUC-001,62.5,"['OVERSTOCK', 'HIGH_RETURNS']",HIGH
PRD-0073,MUM-001,52.5,['HIGH_RETURNS'],HIGH
PRD-0073,MUM-002,52.5,['HIGH_RETURNS'],HIGH
PRD-0073,MUM-003,52.5,['HIGH_RETURNS'],HIGH
PRD-0073,NGP-001,90.0,"['LOW_STOCK', 'HIGH_RETURNS']",HIGH
PRD-0073,PUN-001,52.5,['HIGH_RETURNS'],HIGH
PRD-0073,PUN-002,52.5,['HIGH_RETURNS'],HIGH
PRD-0074,AHM-001,62.5,"['OVERSTOCK', 'HIGH_RETURNS']",HIGH
PRD-0074,AHM-002,90.0,"['LOW_STOCK', 'HIGH_RETURNS']",HIGH
PRD-0074,CHE-001,52.5,['HIGH_RETURNS'],HIGH
PRD-0074,CHE-002,90.0,"['LOW_STOCK', 'HIGH_RETURNS']",HIGH
PRD-0074,DEL-001,52.5,['HIGH_RETURNS'],HIGH
PRD-0074,DEL-002,52.5,['HIGH_RETURNS'],HIGH
PRD-0074,HYD-001,52.5,['HIGH_RETURNS'],HIGH
PRD-0074,HYD-002,90.0,"['LOW_STOCK', 'HIGH_RETURNS']",HIGH
PRD-0074,JAI-001,52.5,['HIGH_RETURNS'],HIGH
PRD-0074,KOL-001,62.5,"['OVERSTOCK', 'HIGH_RETURNS']",HIGH
PRD-0074,KOL-002,62.5,"['OVERSTOCK', 'HIGH_RETURNS']",HIGH
PRD-0074,LUC-001,52.5,['HIGH_RETURNS'],HIGH
PRD-0074,MUM-001,52.5,['HIGH_RETURNS'],HIGH
PRD-0074,MUM-002,52.5,['HIGH_RETURNS'],HIGH
PRD-0074,MUM-003,90.0,"['LOW_STOCK', 'HIGH_RETURNS']",HIGH
PRD-0074,NGP-001,90.0,"['LOW_STOCK', 'HIGH_RETURNS']",HIGH
PRD-0074,PUN-001,62.5,"['OVERSTOCK', 'HIGH_RETURNS']",HIGH
PRD-0074,PUN-002,52.5,['HIGH_RETURNS'],HIGH
PRD-0075,AHM-001,37.5,['LOW_STOCK'],HIGH
PRD-0075,AHM-002,62.5,"['OVERSTOCK', 'HIGH_RETURNS']",HIGH
PRD-0075,BLR-001,52.5,['HIGH_RETURNS'],HIGH
PRD-0075,CHE-002,52.5,['HIGH_RETURNS'],HIGH
PRD-0075,DEL-002,10.0,['OVERSTOCK'],MEDIUM
PRD-0075,HYD-002,62.5,"['OVERSTOCK', 'HIGH_RETURNS']",HIGH
PRD-0075,JAI-001,62.5,"['OVERSTOCK', 'HIGH_RETURNS']",HIGH
PRD-0075,KOL-002,10.0,['OVERSTOCK'],MEDIUM
PRD-0075,LUC-001,90.0,"['LOW_STOCK', 'HIGH_RETURNS']",HIGH
PRD-0075,MUM-003,52.5,['HIGH_RETURNS'],HIGH
PRD-0075,NGP-001,52.5,['HIGH_RETURNS'],HIGH
PRD-0075,PUN-001,52.5,['HIGH_RETURNS'],HIGH
PRD-0076,BLR-001,52.5,['HIGH_RETURNS'],HIGH
PRD-0076,BLR-002,62.5,"['OVERSTOCK', 'HIGH_RETURNS']",HIGH
PRD-0076,CHE-002,52.5,['HIGH_RETURNS'],HIGH
PRD-0076,JAI-001,90.0,"['LOW_STOCK', 'HIGH_RETURNS']",HIGH
PRD-0076,LUC-001,62.5,"['OVERSTOCK', 'HIGH_RETURNS']",HIGH
PRD-0076,NGP-001,52.5,['HIGH_RETURNS'],HIGH
PRD-0076,PUN-001,90.0,"['LOW_STOCK', 'HIGH_RETURNS']",HIGH
PRD-0076,PUN-002,52.5,['HIGH_RETURNS'],HIGH
PRD-0077,AHM-001,62.5,"['OVERSTOCK', 'HIGH_RETURNS']",HIGH
PRD-0077,AHM-002,90.0,"['LOW_STOCK', 'HIGH_RETURNS']",HIGH
PRD-0077,BLR-001,52.5,['HIGH_RETURNS'],HIGH
PRD-0077,BLR-002,52.5,['HIGH_RETURNS'],HIGH
PRD-0077,DEL-001,52.5,['HIGH_RETURNS'],HIGH
PRD-0077,JAI-001,90.0,"['LOW_STOCK', 'HIGH_RETURNS']",HIGH
PRD-0077,KOL-001,52.5,['HIGH_RETURNS'],HIGH
PRD-0077,KOL-002,37.5,['LOW_STOCK'],HIGH
PRD-0077,LUC-001,52.5,['HIGH_RETURNS'],HIGH
PRD-0077,MUM-002,52.5,['HIGH_RETURNS'],HIGH
PRD-0077,MUM-003,90.0,"['LOW_STOCK', 'HIGH_RETURNS']",HIGH
PRD-0077,NGP-001,52.5,['HIGH_RETURNS'],HIGH
PRD-0077,PUN-001,52.5,['HIGH_RETURNS'],HIGH
PRD-0077,PUN-002,52.5,['HIGH_RETURNS'],HIGH
PRD-0078,BLR-001,52.5,['HIGH_RETURNS'],HIGH
PRD-0078,CHE-001,37.5,['LOW_STOCK'],HIGH
PRD-0078,CHE-002,52.5,['HIGH_RETURNS'],HIGH
PRD-0078,DEL-001,52.5,['HIGH_RETURNS'],HIGH
PRD-0078,DEL-002,52.5,['HIGH_RETURNS'],HIGH
PRD-0078,HYD-001,10.0,['OVERSTOCK'],MEDIUM
PRD-0078,HYD-002,52.5,['HIGH_RETURNS'],HIGH
PRD-0078,JAI-001,90.0,"['LOW_STOCK', 'HIGH_RETURNS']",HIGH
PRD-0078,KOL-001,90.0,"['LOW_STOCK', 'HIGH_RETURNS']",HIGH
PRD-0078,LUC-001,52.5,['HIGH_RETURNS'],HIGH
PRD-0078,MUM-002,37.5,['LOW_STOCK'],HIGH
PRD-0078,MUM-003,52.5,['HIGH_RETURNS'],HIGH
PRD-0078,NGP-001,52.5,['HIGH_RETURNS'],HIGH
PRD-0078,PUN-001,90.0,"['LOW_STOCK', 'HIGH_RETURNS']",HIGH
PRD-0079,AHM-001,52.5,['HIGH_RETURNS'],HIGH
PRD-0079,BLR-002,52.5,['HIGH_RETURNS'],HIGH
PRD-0079,CHE-002,52.5,['HIGH_RETURNS'],HIGH
PRD-0079,HYD-001,90.0,"['LOW_STOCK', 'HIGH_RETURNS']",HIGH
PRD-0079,HYD-002,90.0,"['LOW_STOCK', 'HIGH_RETURNS']",HIGH
PRD-0079,JAI-001,52.5,['HIGH_RETURNS'],HIGH
PRD-0079,KOL-002,52.5,['HIGH_RETURNS'],HIGH
PRD-0079,LUC-001,10.0,['OVERSTOCK'],MEDIUM
PRD-0079,MUM-003,52.5,['HIGH_RETURNS'],HIGH
PRD-0079,NGP-001,52.5,['HIGH_RETURNS'],HIGH
PRD-0079,PUN-001,62.5,"['OVERSTOCK', 'HIGH_RETURNS']",HIGH
PRD-0079,PUN-002,52.5,['HIGH_RETURNS'],HIGH
PRD-0080,AHM-001,37.5,['LOW_STOCK'],HIGH
PRD-0080,BLR-001,52.5,['HIGH_RETURNS'],HIGH
PRD-0080,BLR-002,52.5,['HIGH_RETURNS'],HIGH
PRD-0080,CHE-001,10.0,['OVERSTOCK'],MEDIUM
PRD-0080,CHE-002,52.5,['HIGH_RETURNS'],HIGH
PRD-0080,DEL-001,10.0,['OVERSTOCK'],MEDIUM
PRD-0080,DEL-002,52.5,['HIGH_RETURNS'],HIGH
PRD-0080,HYD-001,52.5,['HIGH_RETURNS'],HIGH
PRD-0080,HYD-002,37.5,['LOW_STOCK'],HIGH
PRD-0080,JAI-001,52.5,['HIGH_RETURNS'],HIGH
PRD-0080,KOL-001,52.5,['HIGH_RETURNS'],HIGH
PRD-0080,KOL-002,52.5,['HIGH_RETURNS'],HIGH
PRD-0080,MUM-002,52.5,['HIGH_RETURNS'],HIGH
PRD-0080,MUM-003,62.5,"['OVERSTOCK', 'HIGH_RETURNS']",HIGH
PRD-0080,NGP-001,90.0,"['LOW_STOCK', 'HIGH_RETURNS']",HIGH
PRD-0080,PUN-001,52.5,['HIGH_RETURNS'],HIGH
PRD-0080,PUN-002,10.0,['OVERSTOCK'],MEDIUM
PRD-0081,BLR-002,90.0,"['LOW_STOCK', 'HIGH_RETURNS']",HIGH
PRD-0081,CHE-002,90.0,"['LOW_STOCK', 'HIGH_RETURNS']",HIGH
PRD-0081,HYD-002,52.5,['HIGH_RETURNS'],HIGH
PRD-0081,JAI-001,52.5,['HIGH_RETURNS'],HIGH
PRD-0081,KOL-001,52.5,['HIGH_RETURNS'],HIGH
PRD-0081,KOL-002,52.5,['HIGH_RETURNS'],HIGH
PRD-0081,NGP-001,52.5,['HIGH_RETURNS'],HIGH
PRD-0081,PUN-001,52.5,['HIGH_RETURNS'],HIGH
PRD-0081,PUN-002,52.5,['HIGH_RETURNS'],HIGH
PRD-0082,BLR-001,52.5,['HIGH_RETURNS'],HIGH
PRD-0082,BLR-002,52.5,['HIGH_RETURNS'],HIGH
PRD-0082,DEL-002,52.5,['HIGH_RETURNS'],HIGH
PRD-0082,HYD-002,52.5,['HIGH_RETURNS'],HIGH
PRD-0082,JAI-001,52.5,['HIGH_RETURNS'],HIGH
PRD-0082,KOL-001,52.5,['HIGH_RETURNS'],HIGH
PRD-0082,KOL-002,62.5,"['OVERSTOCK', 'HIGH_RETURNS']",HIGH
PRD-0082,LUC-001,52.5,['HIGH_RETURNS'],HIGH
PRD-0082,MUM-001,52.5,['HIGH_RETURNS'],HIGH
PRD-0082,MUM-002,10.0,['OVERSTOCK'],MEDIUM
PRD-0082,MUM-003,52.5,['HIGH_RETURNS'],HIGH
PRD-0082,NGP-001,52.5,['HIGH_RETURNS'],HIGH
PRD-0082,PUN-002,52.5,['HIGH_RETURNS'],HIGH
PRD-0083,AHM-001,52.5,['HIGH_RETURNS'],HIGH
PRD-0083,AHM-002,52.5,['HIGH_RETURNS'],HIGH
PRD-0083,BLR-002,52.5,['HIGH_RETURNS'],HIGH
PRD-0083,DEL-001,52.5,['HIGH_RETURNS'],HIGH
PRD-0083,HYD-002,52.5,['HIGH_RETURNS'],HIGH
PRD-0083,JAI-001,10.0,['OVERSTOCK'],MEDIUM
PRD-0083,KOL-002,52.5,['HIGH_RETURNS'],HIGH
PRD-0083,LUC-001,62.5,"['OVERSTOCK', 'HIGH_RETURNS']",HIGH
PRD-0083,MUM-001,52.5,['HIGH_RETURNS'],HIGH
PRD-0083,MUM-003,37.5,['LOW_STOCK'],HIGH
PRD-0083,NGP-001,52.5,['HIGH_RETURNS'],HIGH
PRD-0083,PUN-001,52.5,['HIGH_RETURNS'],HIGH
PRD-0084,AHM-001,52.5,['HIGH_RETURNS'],HIGH
PRD-0084,AHM-002,52.5,['HIGH_RETURNS'],HIGH
PRD-0084,BLR-001,52.5,['HIGH_RETURNS'],HIGH
PRD-0084,BLR-002,52.5,['HIGH_RETURNS'],HIGH
PRD-0084,CHE-001,52.5,['HIGH_RETURNS'],HIGH
PRD-0084,HYD-001,62.5,"['OVERSTOCK', 'HIGH_RETURNS']",HIGH
PRD-0084,HYD-002,90.0,"['LOW_STOCK', 'HIGH_RETURNS']",HIGH
PRD-0084,JAI-001,52.5,['HIGH_RETURNS'],HIGH
PRD-0084,KOL-002,52.5,['HIGH_RETURNS'],HIGH
PRD-0084,LUC-001,90.0,"['LOW_STOCK', 'HIGH_RETURNS']",HIGH
PRD-0084,NGP-001,62.5,"['OVERSTOCK', 'HIGH_RETURNS']",HIGH
PRD-0084,PUN-002,52.5,['HIGH_RETURNS'],HIGH
PRD-0085,AHM-001,52.5,['HIGH_RETURNS'],HIGH
PRD-0085,AHM-002,37.5,['LOW_STOCK'],HIGH
PRD-0085,BLR-002,52.5,['HIGH_RETURNS'],HIGH
PRD-0085,CHE-001,10.0,['OVERSTOCK'],MEDIUM
PRD-0085,HYD-002,52.5,['HIGH_RETURNS'],HIGH
PRD-0085,JAI-001,52.5,['HIGH_RETURNS'],HIGH
PRD-0085,KOL-002,10.0,['OVERSTOCK'],MEDIUM
PRD-0085,LUC-001,52.5,['HIGH_RETURNS'],HIGH
PRD-0085,MUM-001,37.5,['LOW_STOCK'],HIGH
PRD-0085,PUN-001,90.0,"['LOW_STOCK', 'HIGH_RETURNS']",HIGH
PRD-0085,PUN-002,52.5,['HIGH_RETURNS'],HIGH
PRD-0086,AHM-001,10.0,['OVERSTOCK'],MEDIUM
PRD-0086,BLR-002,52.5,['HIGH_RETURNS'],HIGH
PRD-0086,CHE-001,10.0,['OVERSTOCK'],MEDIUM
PRD-0086,HYD-001,52.5,['HIGH_RETURNS'],HIGH
PRD-0086,HYD-002,52.5,['HIGH_RETURNS'],HIGH
PRD-0086,JAI-001,37.5,['LOW_STOCK'],HIGH
PRD-0086,KOL-001,62.5,"['OVERSTOCK', 'HIGH_RETURNS']",HIGH
PRD-0086,KOL-002,52.5,['HIGH_RETURNS'],HIGH
PRD-0086,MUM-001,37.5,['LOW_STOCK'],HIGH
PRD-0086,MUM-003,52.5,['HIGH_RETURNS'],HIGH
PRD-0087,AHM-002,52.5,['HIGH_RETURNS'],HIGH
PRD-0087,BLR-001,37.5,['LOW_STOCK'],HIGH
PRD-0087,BLR-002,52.5,['HIGH_RETURNS'],HIGH
PRD-0087,CHE-002,52.5,['HIGH_RETURNS'],HIGH
PRD-0087,HYD-002,52.5,['HIGH_RETURNS'],HIGH
PRD-0087,JAI-001,52.5,['HIGH_RETURNS'],HIGH
PRD-0087,KOL-001,90.0,"['LOW_STOCK', 'HIGH_RETURNS']",HIGH
PRD-0087,LUC-001,52.5,['HIGH_RETURNS'],HIGH
PRD-0087,NGP-001,52.5,['HIGH_RETURNS'],HIGH
PRD-0087,PUN-002,10.0,['OVERSTOCK'],MEDIUM
PRD-0088,AHM-001,10.0,['OVERSTOCK'],MEDIUM
PRD-0088,DEL-002,62.5,"['OVERSTOCK', 'HIGH_RETURNS']",HIGH
PRD-0088,JAI-001,90.0,"['LOW_STOCK', 'HIGH_RETURNS']",HIGH
PRD-0088,KOL-002,10.0,['OVERSTOCK'],MEDIUM
PRD-0088,LUC-001,90.0,"['LOW_STOCK', 'HIGH_RETURNS']",HIGH
PRD-0088,NGP-001,52.5,['HIGH_RETURNS'],HIGH
PRD-0088,PUN-001,37.5,['LOW_STOCK'],HIGH
PRD-0088,PUN-002,37.5,['LOW_STOCK'],HIGH
PRD-0089,BLR-001,52.5,['HIGH_RETURNS'],HIGH
PRD-0089,CHE-002,37.5,['LOW_STOCK'],HIGH
PRD-0089,JAI-001,62.5,"['OVERSTOCK', 'HIGH_RETURNS']",HIGH
PRD-0089,KOL-001,37.5,['LOW_STOCK'],HIGH
PRD-0089,LUC-001,52.5,['HIGH_RETURNS'],HIGH
PRD-0089,MUM-001,37.5,['LOW_STOCK'],HIGH
PRD-0089,PUN-002,90.0,"['LOW_STOCK', 'HIGH_RETURNS']",HIGH
PRD-0090,AHM-001,52.5,['HIGH_RETURNS'],HIGH
PRD-0090,BLR-002,52.5,['HIGH_RETURNS'],HIGH
PRD-0090,CHE-001,37.5,['LOW_STOCK'],HIGH
PRD-0090,HYD-002,37.5,['LOW_STOCK'],HIGH
PRD-0090,KOL-001,52.5,['HIGH_RETURNS'],HIGH
PRD-0090,LUC-001,62.5,"['OVERSTOCK', 'HIGH_RETURNS']",HIGH
PRD-0090,MUM-003,52.5,['HIGH_RETURNS'],HIGH
PRD-0090,PUN-001,90.0,"['LOW_STOCK', 'HIGH_RETURNS']",HIGH
PRD-0090,PUN-002,52.5,['HIGH_RETURNS'],HIGH
PRD-0091,AHM-001,52.5,['HIGH_RETURNS'],HIGH
PRD-0091,BLR-001,90.0,"['LOW_STOCK', 'HIGH_RETURNS']",HIGH
PRD-0091,BLR-002,52.5,['HIGH_RETURNS'],HIGH
PRD-0091,CHE-001,52.5,['HIGH_RETURNS'],HIGH
PRD-0091,DEL-002,62.5,"['OVERSTOCK', 'HIGH_RETURNS']",HIGH
PRD-0091,HYD-001,62.5,"['OVERSTOCK', 'HIGH_RETURNS']",HIGH
PRD-0091,HYD-002,52.5,['HIGH_RETURNS'],HIGH
PRD-0091,JAI-001,52.5,['HIGH_RETURNS'],HIGH
PRD-0091,KOL-001,90.0,"['LOW_STOCK', 'HIGH_RETURNS']",HIGH
PRD-0091,KOL-002,52.5,['HIGH_RETURNS'],HIGH
PRD-0091,LUC-001,52.5,['HIGH_RETURNS'],HIGH
PRD-0091,MUM-001,52.5,['HIGH_RETURNS'],HIGH
PRD-0091,MUM-003,52.5,['HIGH_RETURNS'],HIGH
PRD-0091,PUN-002,52.5,['HIGH_RETURNS'],HIGH
PRD-0092,AHM-002,52.5,['HIGH_RETURNS'],HIGH
PRD-0092,HYD-001,62.5,"['OVERSTOCK', 'HIGH_RETURNS']",HIGH
PRD-0092,HYD-002,62.5,"['OVERSTOCK', 'HIGH_RETURNS']",HIGH
PRD-0092,JAI-001,37.5,['LOW_STOCK'],HIGH
PRD-0092,LUC-001,10.0,['OVERSTOCK'],MEDIUM
PRD-0092,MUM-002,37.5,['LOW_STOCK'],HIGH
PRD-0092,NGP-001,52.5,['HIGH_RETURNS'],HIGH
PRD-0092,PUN-002,37.5,['LOW_STOCK'],HIGH
PRD-0093,AHM-001,52.5,['HIGH_RETURNS'],HIGH
PRD-0093,AHM-002,52.5,['HIGH_RETURNS'],HIGH
PRD-0093,BLR-002,62.5,"['OVERSTOCK', 'HIGH_RETURNS']",HIGH
PRD-0093,DEL-002,52.5,['HIGH_RETURNS'],HIGH
PRD-0093,JAI-001,10.0,['OVERSTOCK'],MEDIUM
PRD-0093,KOL-001,52.5,['HIGH_RETURNS'],HIGH
PRD-0093,KOL-002,52.5,['HIGH_RETURNS'],HIGH
PRD-0093,LUC-001,37.5,['LOW_STOCK'],HIGH
PRD-0093,MUM-001,52.5,['HIGH_RETURNS'],HIGH
PRD-0093,MUM-002,37.5,['LOW_STOCK'],HIGH
PRD-0093,PUN-001,62.5,"['OVERSTOCK', 'HIGH_RETURNS']",HIGH
PRD-0093,PUN-002,52.5,['HIGH_RETURNS'],HIGH
PRD-0094,AHM-001,37.5,['LOW_STOCK'],HIGH
PRD-0094,JAI-001,52.5,['HIGH_RETURNS'],HIGH
PRD-0094,LUC-001,62.5,"['OVERSTOCK', 'HIGH_RETURNS']",HIGH
PRD-0094,MUM-002,62.5,"['OVERSTOCK', 'HIGH_RETURNS']",HIGH
PRD-0094,MUM-003,10.0,['OVERSTOCK'],MEDIUM
PRD-0094,NGP-001,37.5,['LOW_STOCK'],HIGH
PRD-0095,AHM-001,52.5,['HIGH_RETURNS'],HIGH
PRD-0095,AHM-002,10.0,['OVERSTOCK'],MEDIUM
PRD-0095,HYD-002,37.5,['LOW_STOCK'],HIGH
PRD-0095,LUC-001,10.0,['OVERSTOCK'],MEDIUM
PRD-0095,MUM-001,10.0,['OVERSTOCK'],MEDIUM
PRD-0095,MUM-003,10.0,['OVERSTOCK'],MEDIUM
PRD-0095,NGP-001,37.5,['LOW_STOCK'],HIGH
PRD-0095,PUN-001,10.0,['OVERSTOCK'],MEDIUM
PRD-0095,PUN-002,37.5,['LOW_STOCK'],HIGH
PRD-0096,AHM-001,37.5,['LOW_STOCK'],HIGH
PRD-0096,AHM-002,37.5,['LOW_STOCK'],HIGH
PRD-0096,BLR-001,37.5,['LOW_STOCK'],HIGH
PRD-0096,DEL-002,37.5,['LOW_STOCK'],HIGH
PRD-0096,JAI-001,37.5,['LOW_STOCK'],HIGH
PRD-0096,KOL-001,37.5,['LOW_STOCK'],HIGH
PRD-0096,LUC-001,90.0,"['LOW_STOCK', 'HIGH_RETURNS']",HIGH
PRD-0096,MUM-001,37.5,['LOW_STOCK'],HIGH
PRD-0096,PUN-001,10.0,['OVERSTOCK'],MEDIUM
PRD-0097,AHM-002,10.0,['OVERSTOCK'],MEDIUM
PRD-0097,CHE-001,10.0,['OVERSTOCK'],MEDIUM
PRD-0097,HYD-002,52.5,['HIGH_RETURNS'],HIGH
PRD-0097,MUM-002,10.0,['OVERSTOCK'],MEDIUM
PRD-0097,NGP-001,52.5,['HIGH_RETURNS'],HIGH
PRD-0098,AHM-001,10.0,['OVERSTOCK'],MEDIUM
PRD-0098,AHM-002,10.0,['OVERSTOCK'],MEDIUM
PRD-0098,DEL-002,52.5,['HIGH_RETURNS'],HIGH
PRD-0098,LUC-001,62.5,"['OVERSTOCK', 'HIGH_RETURNS']",HIGH
PRD-0098,MUM-001,10.0,['OVERSTOCK'],MEDIUM
PRD-0098,MUM-002,37.5,['LOW_STOCK'],HIGH
PRD-0099,AHM-001,37.5,['LOW_STOCK'],HIGH
PRD-0099,AHM-002,10.0,['OVERSTOCK'],MEDIUM
PRD-0099,DEL-002,10.0,['OVERSTOCK'],MEDIUM
PRD-0099,MUM-002,37.5,['LOW_STOCK'],HIGH
PRD-0099,MUM-003,10.0,['OVERSTOCK'],MEDIUM
PRD-0100,AHM-002,37.5,['LOW_STOCK'],HIGH
PRD-0100,BLR-001,37.5,['LOW_STOCK'],HIGH
PRD-0100,BLR-002,90.0,"['LOW_STOCK', 'HIGH_RETURNS']",HIGH
PRD-0100,HYD-002,37.5,['LOW_STOCK'],HIGH
PRD-0100,MUM-001,10.0,['OVERSTOCK'],MEDIUM
PRD-0100,PUN-001,37.5,['LOW_STOCK'],HIGH
PRD-0101,CHE-001,37.5,['LOW_STOCK'],HIGH
PRD-0101,DEL-001,37.5,['LOW_STOCK'],HIGH
PRD-0101,LUC-001,37.5,['LOW_STOCK'],HIGH
PRD-0102,AHM-001,60.0,['NEAR_EXPIRY'],HIGH
PRD-0102,AHM-002,60.0,['NEAR_EXPIRY'],HIGH
PRD-0102,BLR-001,60.0,['NEAR_EXPIRY'],HIGH
PRD-0102,BLR-002,60.0,['NEAR_EXPIRY'],HIGH
PRD-0102,CHE-001,60.0,['NEAR_EXPIRY'],HIGH
PRD-0102,CHE-002,60.0,['NEAR_EXPIRY'],HIGH
PRD-0102,DEL-001,97.5,"['LOW_STOCK', 'NEAR_EXPIRY']",HIGH
PRD-0102,DEL-002,60.0,['NEAR_EXPIRY'],HIGH
PRD-0102,HYD-001,60.0,['NEAR_EXPIRY'],HIGH
PRD-0102,HYD-002,60.0,['NEAR_EXPIRY'],HIGH
PRD-0102,JAI-001,60.0,['NEAR_EXPIRY'],HIGH
PRD-0102,KOL-001,60.0,['NEAR_EXPIRY'],HIGH
PRD-0102,KOL-002,60.0,['NEAR_EXPIRY'],HIGH
PRD-0102,LUC-001,60.0,['NEAR_EXPIRY'],HIGH
PRD-0102,MUM-001,60.0,['NEAR_EXPIRY'],HIGH
PRD-0102,MUM-002,60.0,['NEAR_EXPIRY'],HIGH
PRD-0102,MUM-003,60.0,['NEAR_EXPIRY'],HIGH
PRD-0102,NGP-001,100.0,"['HIGH_RETURNS', 'NEAR_EXPIRY']",HIGH
PRD-0102,PUN-001,97.5,"['LOW_STOCK', 'NEAR_EXPIRY']",HIGH
PRD-0102,PUN-002,60.0,['NEAR_EXPIRY'],HIGH
PRD-0103,CHE-001,60.0,['NEAR_EXPIRY'],HIGH
PRD-0103,CHE-002,10.0,['OVERSTOCK'],MEDIUM
PRD-0103,DEL-001,10.0,['OVERSTOCK'],MEDIUM
PRD-0103,DEL-002,52.5,['HIGH_RETURNS'],HIGH
PRD-0103,HYD-002,37.5,['LOW_STOCK'],HIGH
PRD-0103,JAI-001,62.5,"['OVERSTOCK', 'HIGH_RETURNS']",HIGH
PRD-0103,LUC-001,52.5,['HIGH_RETURNS'],HIGH
PRD-0103,PUN-001,60.0,['NEAR_EXPIRY'],HIGH
PRD-0103,PUN-002,70.0,"['OVERSTOCK', 'NEAR_EXPIRY']",HIGH
PRD-0104,BLR-002,60.0,['NEAR_EXPIRY'],HIGH
PRD-0104,DEL-001,97.5,"['LOW_STOCK', 'NEAR_EXPIRY']",HIGH
PRD-0104,DEL-002,60.0,['NEAR_EXPIRY'],HIGH
PRD-0104,HYD-001,90.0,"['LOW_STOCK', 'HIGH_RETURNS']",HIGH
PRD-0104,KOL-001,37.5,['LOW_STOCK'],HIGH
PRD-0104,MUM-002,10.0,['OVERSTOCK'],MEDIUM
PRD-0104,MUM-003,60.0,['NEAR_EXPIRY'],HIGH
PRD-0105,AHM-001,60.0,['NEAR_EXPIRY'],HIGH
PRD-0105,BLR-001,60.0,['NEAR_EXPIRY'],HIGH
PRD-0105,CHE-001,60.0,['NEAR_EXPIRY'],HIGH
PRD-0105,CHE-002,97.5,"['LOW_STOCK', 'NEAR_EXPIRY']",HIGH
PRD-0105,HYD-002,37.5,['LOW_STOCK'],HIGH
PRD-0105,KOL-002,60.0,['NEAR_EXPIRY'],HIGH
PRD-0105,LUC-001,60.0,['NEAR_EXPIRY'],HIGH
PRD-0105,MUM-001,62.5,"['OVERSTOCK', 'HIGH_RETURNS']",HIGH
PRD-0105,MUM-002,37.5,['LOW_STOCK'],HIGH
PRD-0105,NGP-001,10.0,['OVERSTOCK'],MEDIUM
PRD-0105,PUN-002,10.0,['OVERSTOCK'],MEDIUM
PRD-0106,AHM-001,60.0,['NEAR_EXPIRY'],HIGH
PRD-0106,AHM-002,37.5,['LOW_STOCK'],HIGH
PRD-0106,BLR-001,70.0,"['OVERSTOCK', 'NEAR_EXPIRY']",HIGH
PRD-0106,BLR-002,52.5,['HIGH_RETURNS'],HIGH
PRD-0106,CHE-001,10.0,['OVERSTOCK'],MEDIUM
PRD-0106,KOL-002,37.5,['LOW_STOCK'],HIGH
PRD-0106,LUC-001,97.5,"['LOW_STOCK', 'NEAR_EXPIRY']",HIGH
PRD-0106,MUM-001,37.5,['LOW_STOCK'],HIGH
PRD-0106,PUN-002,37.5,['LOW_STOCK'],HIGH
PRD-0107,AHM-001,52.5,['HIGH_RETURNS'],HIGH
PRD-0107,BLR-001,62.5,"['OVERSTOCK', 'HIGH_RETURNS']",HIGH
PRD-0107,BLR-002,37.5,['LOW_STOCK'],HIGH
PRD-0107,DEL-001,10.0,['OVERSTOCK'],MEDIUM
PRD-0107,KOL-001,37.5,['LOW_STOCK'],HIGH
PRD-0107,KOL-002,10.0,['OVERSTOCK'],MEDIUM
PRD-0107,LUC-001,62.5,"['OVERSTOCK', 'HIGH_RETURNS']",HIGH
PRD-0107,MUM-001,37.5,['LOW_STOCK'],HIGH
PRD-0107,MUM-002,37.5,['LOW_STOCK'],HIGH
PRD-0107,PUN-001,52.5,['HIGH_RETURNS'],HIGH
PRD-0107,PUN-002,10.0,['OVERSTOCK'],MEDIUM
PRD-0108,BLR-002,37.5,['LOW_STOCK'],HIGH
PRD-0108,CHE-001,37.5,['LOW_STOCK'],HIGH
PRD-0108,DEL-002,10.0,['OVERSTOCK'],MEDIUM
PRD-0108,HYD-002,52.5,['HIGH_RETURNS'],HIGH
PRD-0108,JAI-001,37.5,['LOW_STOCK'],HIGH
PRD-0108,MUM-001,52.5,['HIGH_RETURNS'],HIGH
PRD-0108,MUM-002,52.5,['HIGH_RETURNS'],HIGH
PRD-0108,NGP-001,52.5,['HIGH_RETURNS'],HIGH
PRD-0109,AHM-002,10.0,['OVERSTOCK'],MEDIUM
PRD-0109,CHE-002,10.0,['OVERSTOCK'],MEDIUM
PRD-0109,JAI-001,52.5,['HIGH_RETURNS'],HIGH
